1.4400000000000002,1.4400000000000002,1.4400000000000002,1.4400000000000002,1.4400000000000002,1.4400000000000002,1.4400000000000002,1.4400000000000002,1.4400000000000002,1.4400000000000002,1.4400000000000002,1.4400000000000002,1.3333333333333333,1.4400000000000002,1.4400000000000002,1.4400000000000002,1.4400000000000002,1.4400000000000002,1.4400000000000002,1.4400000000000002,1.4400000000000002,1.4400000000000002,1.4400000000000002,1.4400000000000002,1.4400000000000002,1.4400000000000002,1.4400000000000002,1.4400000000000002,1.4400000000000002,1.4400000000000002,1.4400000000000002,1.4400000000000002,1.4400000000000002,1.4400000000000002,1.4400000000000002,1.4400000000000002,1.4400000000000002,1.4400000000000002,1.4400000000000002,1.4400000000000002,1.4400000000000002,1.4400000000000002,1.4400000000000002,1.4400000000000002,1.4400000000000002,1.4400000000000002,1.4400000000000002,1.4400000000000002,1.4400000000000002,1.4400000000000002,1.4400000000000002,1.4400000000000002,1.4400000000000002,1.4400000000000002,1.4400000000000002,1.4400000000000002,1.4400000000000002,1.4400000000000002,1.4400000000000002,1.4400000000000002,1.4400000000000002,1.4400000000000002,1.4400000000000002,1.4400000000000002,1.4400000000000002,1.4400000000000002,1.4400000000000002,1.4400000000000002,1.4400000000000002,1.4400000000000002,1.4400000000000002,1.4400000000000002,1.4400000000000002,1.4400000000000002,1.4400000000000002,1.4400000000000002,1.4400000000000002,1.4400000000000002,1.4400000000000002,1.4400000000000002,1.4400000000000002,1.4400000000000002,1.4400000000000002,1.4400000000000002,1.4400000000000002,1.4400000000000002,1.4400000000000002,1.4400000000000002,1.4400000000000002,1.4400000000000002,1.4400000000000002,1.4400000000000002,1.4400000000000002,1.4400000000000002,1.4400000000000002,1.4400000000000002,1.4400000000000002,1.4400000000000002,1.3333333333333333,1.3333333333333333
1.4400000000000002,1.4400000000000002,1.4400000000000002,1.4400000000000002,1.4400000000000002,1.4400000000000002,1.4400000000000002,1.4400000000000002,1.4400000000000002,1.4400000000000002,1.4400000000000002,1.4400000000000002,1.3333333333333333,1.4400000000000002,1.4400000000000002,1.4400000000000002,1.4400000000000002,1.4400000000000002,1.4400000000000002,1.4400000000000002,1.4400000000000002,1.4400000000000002,1.4400000000000002,1.4400000000000002,1.4400000000000002,1.4400000000000002,1.4400000000000002,1.4400000000000002,1.4400000000000002,1.4400000000000002,1.4400000000000002,1.4400000000000002,1.4400000000000002,1.4400000000000002,1.4400000000000002,1.4400000000000002,1.4400000000000002,1.4400000000000002,1.4400000000000002,1.4400000000000002,1.4400000000000002,1.4400000000000002,1.4400000000000002,1.4400000000000002,1.4400000000000002,1.4400000000000002,1.4400000000000002,1.4400000000000002,1.4400000000000002,1.4400000000000002,1.4400000000000002,1.4400000000000002,1.4400000000000002,1.4400000000000002,1.4400000000000002,1.4400000000000002,1.4400000000000002,1.4400000000000002,1.4400000000000002,1.4400000000000002,1.4400000000000002,1.4400000000000002,1.4400000000000002,1.4400000000000002,1.4400000000000002,1.4400000000000002,1.4400000000000002,1.4400000000000002,1.4400000000000002,1.4400000000000002,1.4400000000000002,1.4400000000000002,1.4400000000000002,1.4400000000000002,1.4400000000000002,1.4400000000000002,1.4400000000000002,1.4400000000000002,1.4400000000000002,1.4400000000000002,1.4400000000000002,1.4400000000000002,1.4400000000000002,1.4400000000000002,1.4400000000000002,1.4400000000000002,1.4400000000000002,1.4400000000000002,1.4400000000000002,1.4400000000000002,1.4400000000000002,1.4400000000000002,1.4400000000000002,1.4400000000000002,1.4400000000000002,1.4400000000000002,1.4400000000000002,1.4400000000000002,1.4400000000000002,1.4400000000000002
1.4400000000000002,1.4400000000000002,1.4400000000000002,1.4400000000000002,1.4400000000000002,1.4400000000000002,1.4400000000000002,1.4400000000000002,1.4400000000000002,1.4400000000000002,1.4400000000000002,1.4400000000000002,1.4400000000000002,1.4400000000000002,1.4400000000000002,1.4400000000000002,1.4400000000000002,1.4400000000000002,1.4400000000000002,1.4400000000000002,1.4400000000000002,1.4400000000000002,1.4400000000000002,1.4400000000000002,1.4400000000000002,1.4400000000000002,1.4400000000000002,1.4400000000000002,1.4400000000000002,1.4400000000000002,1.4400000000000002,1.4400000000000002,1.4400000000000002,1.4400000000000002,1.4400000000000002,1.4400000000000002,1.4400000000000002,1.4400000000000002,1.4400000000000002,1.4400000000000002,1.4400000000000002,1.4400000000000002,1.4400000000000002,1.4400000000000002,1.4400000000000002,1.4400000000000002,1.4400000000000002,1.4400000000000002,1.4400000000000002,1.4400000000000002,1.4400000000000002,1.4400000000000002,1.4400000000000002,1.4400000000000002,1.4400000000000002,1.4400000000000002,1.4400000000000002,1.4400000000000002,1.4400000000000002,1.4400000000000002,1.4400000000000002,1.4400000000000002,1.4400000000000002,1.4400000000000002,1.4400000000000002,1.4400000000000002,1.4400000000000002,1.4400000000000002,1.4400000000000002,1.4400000000000002,1.4400000000000002,1.4400000000000002,1.4400000000000002,1.4400000000000002,1.4400000000000002,1.4400000000000002,1.4400000000000002,1.4400000000000002,1.4400000000000002,1.4400000000000002,1.4400000000000002,1.4400000000000002,1.4400000000000002,1.4400000000000002,1.4400000000000002,1.4400000000000002,1.4400000000000002,1.4400000000000002,1.4400000000000002,1.4400000000000002,1.4400000000000002,1.4400000000000002,1.4400000000000002,1.4400000000000002,1.4400000000000002,1.4400000000000002,1.4400000000000002,1.4400000000000002,1.4400000000000002,1.4400000000000002
1.4400000000000002,1.4400000000000002,1.4400000000000002,1.4400000000000002,1.4400000000000002,1.4400000000000002,1.4400000000000002,1.4400000000000002,1.4400000000000002,1.4400000000000002,1.4400000000000002,1.4400000000000002,1.4400000000000002,1.4400000000000002,1.4400000000000002,1.4400000000000002,1.4400000000000002,1.4400000000000002,1.4400000000000002,1.4400000000000002,1.4400000000000002,1.4400000000000002,1.4400000000000002,1.4400000000000002,1.4400000000000002,1.4400000000000002,1.4400000000000002,1.4400000000000002,1.4400000000000002,1.4400000000000002,1.4400000000000002,1.4400000000000002,1.4400000000000002,1.4400000000000002,1.4400000000000002,1.4400000000000002,1.4400000000000002,1.4400000000000002,1.4400000000000002,1.4400000000000002,1.4400000000000002,1.4400000000000002,1.4400000000000002,1.4400000000000002,1.4400000000000002,1.4400000000000002,1.4400000000000002,1.4400000000000002,1.4400000000000002,1.4400000000000002,1.4400000000000002,1.4400000000000002,1.4400000000000002,1.4400000000000002,1.4400000000000002,1.4400000000000002,1.4400000000000002,1.4400000000000002,1.4400000000000002,1.4400000000000002,1.4400000000000002,1.4400000000000002,1.4400000000000002,1.4400000000000002,1.4400000000000002,1.4400000000000002,1.4400000000000002,1.4400000000000002,1.4400000000000002,1.4400000000000002,1.4400000000000002,1.4400000000000002,1.4400000000000002,1.4400000000000002,1.4400000000000002,1.4400000000000002,1.4400000000000002,1.4400000000000002,1.4400000000000002,1.4400000000000002,1.4400000000000002,1.4400000000000002,1.4400000000000002,1.4400000000000002,1.4400000000000002,1.4400000000000002,1.4400000000000002,1.4400000000000002,1.4400000000000002,1.4400000000000002,1.4400000000000002,1.4400000000000002,1.4400000000000002,1.4400000000000002,1.4400000000000002,1.4400000000000002,1.4400000000000002,1.4400000000000002,1.4400000000000002,1.4400000000000002
1.4400000000000002,1.4400000000000002,1.4400000000000002,1.4400000000000002,1.4400000000000002,1.4400000000000002,1.4400000000000002,1.4400000000000002,1.4400000000000002,1.4400000000000002,1.4400000000000002,1.4400000000000002,1.4400000000000002,1.4400000000000002,1.4400000000000002,1.4400000000000002,1.4400000000000002,1.4400000000000002,1.4400000000000002,1.4400000000000002,1.4400000000000002,1.4400000000000002,1.4400000000000002,1.4400000000000002,1.4400000000000002,1.4400000000000002,1.4400000000000002,1.4400000000000002,1.4400000000000002,1.4400000000000002,1.4400000000000002,1.4400000000000002,1.4400000000000002,1.4400000000000002,1.4400000000000002,1.4400000000000002,1.4400000000000002,1.4400000000000002,1.4400000000000002,1.4400000000000002,1.4400000000000002,1.4400000000000002,1.4400000000000002,1.4400000000000002,1.4400000000000002,1.4400000000000002,1.4400000000000002,1.4400000000000002,1.4400000000000002,1.4400000000000002,1.4400000000000002,1.4400000000000002,1.4400000000000002,1.4400000000000002,1.4400000000000002,1.4400000000000002,1.4400000000000002,1.4400000000000002,1.4400000000000002,1.4400000000000002,1.4400000000000002,1.4400000000000002,1.4400000000000002,1.4400000000000002,1.4400000000000002,1.4400000000000002,1.4400000000000002,1.4400000000000002,1.4400000000000002,1.4400000000000002,1.4400000000000002,1.4400000000000002,1.4400000000000002,1.4400000000000002,1.4400000000000002,1.4400000000000002,1.4400000000000002,1.4400000000000002,1.4400000000000002,1.4400000000000002,1.4400000000000002,1.4400000000000002,1.4400000000000002,1.4400000000000002,1.4400000000000002,1.4400000000000002,1.4400000000000002,1.4400000000000002,1.4400000000000002,1.4400000000000002,1.4400000000000002,1.4400000000000002,1.4400000000000002,1.4400000000000002,1.4400000000000002,1.4400000000000002,1.4400000000000002,1.4400000000000002,1.4400000000000002,1.4400000000000002
1.4400000000000002,1.4400000000000002,1.4400000000000002,1.4400000000000002,1.4400000000000002,1.4400000000000002,1.4400000000000002,1.4400000000000002,1.4400000000000002,1.4400000000000002,1.4400000000000002,1.3333333333333333,1.4400000000000002,1.4400000000000002,1.4400000000000002,1.4400000000000002,1.4400000000000002,1.4400000000000002,1.4400000000000002,1.4400000000000002,1.4400000000000002,1.4400000000000002,1.4400000000000002,1.4400000000000002,1.4400000000000002,1.4400000000000002,1.4400000000000002,1.4400000000000002,1.4400000000000002,1.4400000000000002,1.4400000000000002,1.4400000000000002,1.4400000000000002,1.4400000000000002,1.4400000000000002,1.4400000000000002,1.4400000000000002,1.4400000000000002,1.4400000000000002,1.4400000000000002,1.4400000000000002,1.4400000000000002,1.4400000000000002,1.4400000000000002,1.4400000000000002,1.4400000000000002,1.4400000000000002,1.4400000000000002,1.4400000000000002,1.4400000000000002,1.4400000000000002,1.4400000000000002,1.4400000000000002,1.4400000000000002,1.4400000000000002,1.4400000000000002,1.4400000000000002,1.4400000000000002,1.4400000000000002,1.4400000000000002,1.4400000000000002,1.4400000000000002,1.4400000000000002,1.4400000000000002,1.4400000000000002,1.4400000000000002,1.4400000000000002,1.4400000000000002,1.3333333333333333,1.3333333333333333,1.4400000000000002,1.4400000000000002,1.4400000000000002,1.4400000000000002,1.4400000000000002,1.4400000000000002,1.4400000000000002,1.4400000000000002,1.4400000000000002,1.4400000000000002,1.4400000000000002,1.4400000000000002,1.4400000000000002,1.4400000000000002,1.4400000000000002,1.4400000000000002,1.4400000000000002,1.4400000000000002,1.4400000000000002,1.4400000000000002,1.4400000000000002,1.4400000000000002,1.4400000000000002,1.4400000000000002,1.4400000000000002,1.4400000000000002,1.4400000000000002,1.4400000000000002,1.4400000000000002,1.4400000000000002
1.4400000000000002,1.4400000000000002,1.4400000000000002,1.4400000000000002,1.4400000000000002,1.4400000000000002,1.4400000000000002,1.4400000000000002,1.4400000000000002,1.4400000000000002,1.4400000000000002,1.4400000000000002,1.4400000000000002,1.4400000000000002,1.4400000000000002,1.4400000000000002,1.4400000000000002,1.4400000000000002,1.4400000000000002,1.4400000000000002,1.4400000000000002,1.4400000000000002,1.4400000000000002,1.4400000000000002,1.4400000000000002,1.4400000000000002,1.4400000000000002,1.4400000000000002,1.4400000000000002,1.4400000000000002,1.4400000000000002,1.4400000000000002,1.4400000000000002,1.4400000000000002,1.4400000000000002,1.4400000000000002,1.4400000000000002,1.4400000000000002,1.4400000000000002,1.4400000000000002,1.4400000000000002,1.4400000000000002,1.4400000000000002,1.4400000000000002,1.4400000000000002,1.4400000000000002,1.4400000000000002,1.4400000000000002,1.4400000000000002,1.4400000000000002,1.4400000000000002,1.4400000000000002,1.4400000000000002,1.4400000000000002,1.4400000000000002,1.4400000000000002,1.4400000000000002,1.4400000000000002,1.4400000000000002,1.4400000000000002,1.4400000000000002,1.4400000000000002,1.4400000000000002,1.4400000000000002,1.4400000000000002,1.4400000000000002,1.4400000000000002,1.4400000000000002,1.3333333333333333,1.3333333333333333,1.3333333333333333,1.4400000000000002,1.4400000000000002,1.4400000000000002,1.4400000000000002,1.4400000000000002,1.4400000000000002,1.4400000000000002,1.4400000000000002,1.4400000000000002,1.4400000000000002,1.4400000000000002,1.4400000000000002,1.4400000000000002,1.4400000000000002,1.4400000000000002,1.4400000000000002,1.4400000000000002,1.4400000000000002,1.4400000000000002,1.4400000000000002,1.4400000000000002,1.4400000000000002,1.4400000000000002,1.4400000000000002,1.4400000000000002,1.4400000000000002,1.4400000000000002,1.4400000000000002,1.4400000000000002
1.4400000000000002,1.4400000000000002,1.4400000000000002,1.4400000000000002,1.4400000000000002,1.4400000000000002,1.4400000000000002,1.4400000000000002,1.4400000000000002,1.4400000000000002,1.4400000000000002,1.4400000000000002,1.4400000000000002,1.4400000000000002,1.4400000000000002,1.4400000000000002,1.4400000000000002,1.4400000000000002,1.4400000000000002,1.4400000000000002,1.4400000000000002,1.4400000000000002,1.4400000000000002,1.4400000000000002,1.4400000000000002,1.4400000000000002,1.4400000000000002,1.4400000000000002,1.4400000000000002,1.4400000000000002,1.4400000000000002,1.4400000000000002,1.4400000000000002,1.4400000000000002,1.4400000000000002,1.4400000000000002,1.4400000000000002,1.4400000000000002,1.4400000000000002,1.4400000000000002,1.4400000000000002,1.4400000000000002,1.4400000000000002,1.4400000000000002,1.4400000000000002,1.4400000000000002,1.4400000000000002,1.4400000000000002,1.4400000000000002,1.4400000000000002,1.4400000000000002,1.4400000000000002,1.4400000000000002,1.4400000000000002,1.4400000000000002,1.4400000000000002,1.4400000000000002,1.4400000000000002,1.4400000000000002,1.4400000000000002,1.4400000000000002,1.4400000000000002,1.4400000000000002,1.4400000000000002,1.4400000000000002,1.4400000000000002,1.4400000000000002,1.3333333333333333,1.3333333333333333,1.3333333333333333,1.4400000000000002,1.4400000000000002,1.4400000000000002,1.4400000000000002,1.4400000000000002,1.4400000000000002,1.4400000000000002,1.4400000000000002,1.4400000000000002,1.4400000000000002,1.4400000000000002,1.4400000000000002,1.4400000000000002,1.4400000000000002,1.4400000000000002,1.4400000000000002,1.4400000000000002,1.4400000000000002,1.4400000000000002,1.4400000000000002,1.4400000000000002,1.4400000000000002,1.4400000000000002,1.4400000000000002,1.4400000000000002,1.4400000000000002,1.4400000000000002,1.4400000000000002,1.4400000000000002,1.4400000000000002
1.4400000000000002,1.4400000000000002,1.4400000000000002,1.4400000000000002,1.4400000000000002,1.4400000000000002,1.4400000000000002,1.4400000000000002,1.4400000000000002,1.4400000000000002,1.4400000000000002,1.4400000000000002,1.4400000000000002,1.4400000000000002,1.4400000000000002,1.4400000000000002,1.4400000000000002,1.4400000000000002,1.4400000000000002,1.4400000000000002,1.4400000000000002,1.4400000000000002,1.4400000000000002,1.4400000000000002,1.4400000000000002,1.4400000000000002,1.4400000000000002,1.4400000000000002,1.4400000000000002,1.4400000000000002,1.4400000000000002,1.4400000000000002,1.4400000000000002,1.4400000000000002,1.4400000000000002,1.4400000000000002,1.4400000000000002,1.4400000000000002,1.4400000000000002,1.4400000000000002,1.4400000000000002,1.4400000000000002,1.4400000000000002,1.4400000000000002,1.4400000000000002,1.4400000000000002,1.4400000000000002,1.4400000000000002,1.4400000000000002,1.4400000000000002,1.4400000000000002,1.4400000000000002,1.4400000000000002,1.4400000000000002,1.4400000000000002,1.4400000000000002,1.4400000000000002,1.4400000000000002,1.4400000000000002,1.4400000000000002,1.4400000000000002,1.4400000000000002,1.4400000000000002,1.4400000000000002,1.4400000000000002,1.3333333333333333,1.3333333333333333,1.3333333333333333,1.3333333333333333,1.3333333333333333,1.3333333333333333,1.4400000000000002,1.4400000000000002,1.4400000000000002,1.4400000000000002,1.4400000000000002,1.4400000000000002,1.4400000000000002,1.4400000000000002,1.4400000000000002,1.4400000000000002,1.4400000000000002,1.4400000000000002,1.4400000000000002,1.4400000000000002,1.4400000000000002,1.4400000000000002,1.4400000000000002,1.4400000000000002,1.4400000000000002,1.4400000000000002,1.4400000000000002,1.4400000000000002,1.4400000000000002,1.4400000000000002,1.4400000000000002,1.4400000000000002,1.4400000000000002,1.4400000000000002,1.4400000000000002
1.4400000000000002,1.4400000000000002,1.4400000000000002,1.4400000000000002,1.4400000000000002,1.4400000000000002,1.4400000000000002,1.4400000000000002,1.4400000000000002,1.4400000000000002,1.4400000000000002,1.4400000000000002,1.4400000000000002,1.4400000000000002,1.4400000000000002,1.4400000000000002,1.4400000000000002,1.4400000000000002,1.4400000000000002,1.4400000000000002,1.4400000000000002,1.4400000000000002,1.4400000000000002,1.4400000000000002,1.4400000000000002,1.4400000000000002,1.4400000000000002,1.4400000000000002,1.4400000000000002,1.4400000000000002,1.4400000000000002,1.4400000000000002,1.4400000000000002,1.4400000000000002,1.4400000000000002,1.4400000000000002,1.4400000000000002,1.4400000000000002,1.4400000000000002,1.4400000000000002,1.4400000000000002,1.4400000000000002,1.4400000000000002,1.4400000000000002,1.4400000000000002,1.4400000000000002,1.4400000000000002,1.4400000000000002,1.4400000000000002,1.4400000000000002,1.4400000000000002,1.4400000000000002,1.4400000000000002,1.4400000000000002,1.4400000000000002,1.4400000000000002,1.4400000000000002,1.4400000000000002,1.4400000000000002,1.4400000000000002,1.4400000000000002,1.4400000000000002,1.4400000000000002,1.4400000000000002,1.4400000000000002,1.3333333333333333,1.3333333333333333,1.4400000000000002,1.4400000000000002,1.4400000000000002,1.4400000000000002,1.4400000000000002,1.4400000000000002,1.4400000000000002,1.4400000000000002,1.4400000000000002,1.4400000000000002,1.4400000000000002,1.4400000000000002,1.4400000000000002,1.4400000000000002,1.4400000000000002,1.4400000000000002,1.4400000000000002,1.4400000000000002,1.4400000000000002,1.4400000000000002,1.4400000000000002,1.4400000000000002,1.4400000000000002,1.4400000000000002,1.4400000000000002,1.4400000000000002,1.4400000000000002,1.4400000000000002,1.4400000000000002,1.4400000000000002,1.4400000000000002,1.4400000000000002,1.4400000000000002
1.4400000000000002,1.4400000000000002,1.4400000000000002,1.4400000000000002,1.4400000000000002,1.4400000000000002,1.4400000000000002,1.4400000000000002,1.4400000000000002,1.4400000000000002,1.4400000000000002,1.4400000000000002,1.4400000000000002,1.4400000000000002,1.4400000000000002,1.4400000000000002,1.4400000000000002,1.4400000000000002,1.4400000000000002,1.4400000000000002,1.4400000000000002,1.4400000000000002,1.4400000000000002,1.4400000000000002,1.4400000000000002,1.4400000000000002,1.4400000000000002,1.4400000000000002,1.4400000000000002,1.4400000000000002,1.4400000000000002,1.4400000000000002,1.4400000000000002,1.4400000000000002,1.4400000000000002,1.4400000000000002,1.4400000000000002,1.4400000000000002,1.4400000000000002,1.4400000000000002,1.4400000000000002,1.4400000000000002,1.4400000000000002,1.4400000000000002,1.4400000000000002,1.4400000000000002,1.4400000000000002,1.4400000000000002,1.4400000000000002,1.4400000000000002,1.4400000000000002,1.4400000000000002,1.4400000000000002,1.4400000000000002,1.4400000000000002,1.4400000000000002,1.4400000000000002,1.4400000000000002,1.4400000000000002,1.4400000000000002,1.4400000000000002,1.4400000000000002,1.3333333333333333,1.4400000000000002,1.3333333333333333,1.4400000000000002,1.4400000000000002,1.4400000000000002,1.4400000000000002,1.4400000000000002,1.4400000000000002,1.4400000000000002,1.4400000000000002,1.4400000000000002,1.4400000000000002,1.4400000000000002,1.4400000000000002,1.4400000000000002,1.4400000000000002,1.4400000000000002,1.4400000000000002,1.4400000000000002,1.4400000000000002,1.4400000000000002,1.4400000000000002,1.4400000000000002,1.4400000000000002,1.4400000000000002,1.4400000000000002,1.4400000000000002,1.4400000000000002,1.4400000000000002,1.4400000000000002,1.4400000000000002,1.4400000000000002,1.4400000000000002,1.4400000000000002,1.4400000000000002,1.4400000000000002,1.4400000000000002
1.4400000000000002,1.4400000000000002,1.4400000000000002,1.4400000000000002,1.4400000000000002,1.4400000000000002,1.4400000000000002,1.4400000000000002,1.4400000000000002,1.4400000000000002,1.4400000000000002,1.4400000000000002,1.4400000000000002,1.4400000000000002,1.4400000000000002,1.4400000000000002,1.4400000000000002,1.4400000000000002,1.4400000000000002,1.4400000000000002,1.4400000000000002,1.4400000000000002,1.4400000000000002,1.4400000000000002,1.4400000000000002,1.4400000000000002,1.4400000000000002,1.4400000000000002,1.4400000000000002,1.4400000000000002,1.4400000000000002,1.4400000000000002,1.4400000000000002,1.4400000000000002,1.4400000000000002,1.4400000000000002,1.4400000000000002,1.4400000000000002,1.4400000000000002,1.4400000000000002,1.4400000000000002,1.4400000000000002,1.4400000000000002,1.4400000000000002,1.4400000000000002,1.4400000000000002,1.4400000000000002,1.4400000000000002,1.4400000000000002,1.4400000000000002,1.4400000000000002,1.4400000000000002,1.4400000000000002,1.4400000000000002,1.4400000000000002,1.4400000000000002,1.4400000000000002,1.4400000000000002,1.4400000000000002,1.4400000000000002,1.4400000000000002,1.3333333333333333,1.3333333333333333,1.3333333333333333,1.3333333333333333,1.4400000000000002,1.4400000000000002,1.4400000000000002,1.4400000000000002,1.4400000000000002,1.4400000000000002,1.4400000000000002,1.4400000000000002,1.4400000000000002,1.4400000000000002,1.4400000000000002,1.4400000000000002,1.4400000000000002,1.4400000000000002,1.4400000000000002,1.4400000000000002,1.4400000000000002,1.4400000000000002,1.4400000000000002,1.4400000000000002,1.4400000000000002,1.4400000000000002,1.4400000000000002,1.4400000000000002,1.4400000000000002,1.4400000000000002,1.4400000000000002,1.4400000000000002,1.4400000000000002,1.4400000000000002,1.4400000000000002,1.4400000000000002,1.4400000000000002,1.4400000000000002,1.4400000000000002
1.4400000000000002,1.4400000000000002,1.4400000000000002,1.4400000000000002,1.4400000000000002,1.4400000000000002,1.4400000000000002,1.4400000000000002,1.4400000000000002,1.4400000000000002,1.4400000000000002,1.4400000000000002,1.4400000000000002,1.4400000000000002,1.4400000000000002,1.4400000000000002,1.4400000000000002,1.4400000000000002,1.4400000000000002,1.4400000000000002,1.4400000000000002,1.4400000000000002,1.4400000000000002,1.4400000000000002,1.4400000000000002,1.4400000000000002,1.4400000000000002,1.4400000000000002,1.4400000000000002,1.4400000000000002,1.4400000000000002,1.4400000000000002,1.4400000000000002,1.4400000000000002,1.4400000000000002,1.4400000000000002,1.4400000000000002,1.4400000000000002,1.4400000000000002,1.4400000000000002,1.4400000000000002,1.4400000000000002,1.4400000000000002,1.4400000000000002,1.4400000000000002,1.4400000000000002,1.4400000000000002,1.4400000000000002,1.4400000000000002,1.4400000000000002,1.4400000000000002,1.4400000000000002,1.4400000000000002,1.4400000000000002,1.4400000000000002,1.4400000000000002,1.4400000000000002,1.4400000000000002,1.4400000000000002,1.4400000000000002,1.3333333333333333,1.3333333333333333,1.3333333333333333,1.4400000000000002,1.4400000000000002,1.4400000000000002,1.4400000000000002,1.4400000000000002,1.4400000000000002,1.4400000000000002,1.4400000000000002,1.4400000000000002,1.4400000000000002,1.4400000000000002,1.4400000000000002,1.4400000000000002,1.4400000000000002,1.4400000000000002,1.4400000000000002,1.4400000000000002,1.4400000000000002,1.4400000000000002,1.4400000000000002,1.4400000000000002,1.4400000000000002,1.4400000000000002,1.4400000000000002,1.4400000000000002,1.4400000000000002,1.4400000000000002,1.4400000000000002,1.4400000000000002,1.4400000000000002,1.4400000000000002,1.4400000000000002,1.4400000000000002,1.4400000000000002,1.4400000000000002,1.4400000000000002,1.4400000000000002
1.4400000000000002,1.4400000000000002,1.4400000000000002,1.4400000000000002,1.4400000000000002,1.4400000000000002,1.4400000000000002,1.4400000000000002,1.4400000000000002,1.4400000000000002,1.4400000000000002,1.4400000000000002,1.4400000000000002,1.4400000000000002,1.4400000000000002,1.4400000000000002,1.4400000000000002,1.4400000000000002,1.4400000000000002,1.4400000000000002,1.4400000000000002,1.4400000000000002,1.4400000000000002,1.4400000000000002,1.4400000000000002,1.4400000000000002,1.4400000000000002,1.4400000000000002,1.4400000000000002,1.4400000000000002,1.4400000000000002,1.4400000000000002,1.4400000000000002,1.4400000000000002,1.4400000000000002,1.4400000000000002,1.4400000000000002,1.4400000000000002,1.4400000000000002,1.4400000000000002,1.4400000000000002,1.4400000000000002,1.4400000000000002,1.4400000000000002,1.4400000000000002,1.4400000000000002,1.4400000000000002,1.4400000000000002,1.4400000000000002,1.4400000000000002,1.4400000000000002,1.4400000000000002,1.4400000000000002,1.4400000000000002,1.4400000000000002,1.4400000000000002,1.4400000000000002,1.4400000000000002,1.4400000000000002,1.4400000000000002,1.3333333333333333,1.4400000000000002,1.4400000000000002,1.4400000000000002,1.4400000000000002,1.4400000000000002,1.4400000000000002,1.4400000000000002,1.4400000000000002,1.4400000000000002,1.4400000000000002,1.4400000000000002,1.4400000000000002,1.4400000000000002,1.4400000000000002,1.4400000000000002,1.4400000000000002,1.4400000000000002,1.4400000000000002,1.4400000000000002,1.4400000000000002,1.4400000000000002,1.4400000000000002,1.4400000000000002,1.4400000000000002,1.4400000000000002,1.4400000000000002,1.4400000000000002,1.4400000000000002,1.4400000000000002,1.4400000000000002,1.4400000000000002,1.4400000000000002,1.4400000000000002,1.4400000000000002,1.4400000000000002,1.4400000000000002,1.4400000000000002,1.4400000000000002,1.4400000000000002
1.4400000000000002,1.4400000000000002,1.4400000000000002,1.4400000000000002,1.4400000000000002,1.4400000000000002,1.4400000000000002,1.4400000000000002,1.4400000000000002,1.4400000000000002,1.4400000000000002,1.4400000000000002,1.4400000000000002,1.4400000000000002,1.4400000000000002,1.4400000000000002,1.4400000000000002,1.4400000000000002,1.4400000000000002,1.4400000000000002,1.4400000000000002,1.4400000000000002,1.4400000000000002,1.4400000000000002,1.4400000000000002,1.4400000000000002,1.4400000000000002,1.4400000000000002,1.4400000000000002,1.4400000000000002,1.4400000000000002,1.4400000000000002,1.4400000000000002,1.4400000000000002,1.4400000000000002,1.4400000000000002,1.4400000000000002,1.4400000000000002,1.4400000000000002,1.4400000000000002,1.4400000000000002,1.4400000000000002,1.4400000000000002,1.4400000000000002,1.4400000000000002,1.4400000000000002,1.4400000000000002,1.4400000000000002,1.4400000000000002,1.4400000000000002,1.4400000000000002,1.4400000000000002,1.4400000000000002,1.4400000000000002,1.4400000000000002,1.4400000000000002,1.4400000000000002,1.4400000000000002,1.4400000000000002,1.4400000000000002,1.4400000000000002,1.4400000000000002,1.4400000000000002,1.4400000000000002,1.4400000000000002,1.4400000000000002,1.4400000000000002,1.4400000000000002,1.4400000000000002,1.4400000000000002,1.4400000000000002,1.4400000000000002,1.4400000000000002,1.4400000000000002,1.4400000000000002,1.4400000000000002,1.4400000000000002,1.4400000000000002,1.4400000000000002,1.4400000000000002,1.4400000000000002,1.4400000000000002,1.4400000000000002,1.4400000000000002,1.4400000000000002,1.4400000000000002,1.4400000000000002,1.4400000000000002,1.4400000000000002,1.4400000000000002,1.4400000000000002,1.4400000000000002,1.4400000000000002,1.4400000000000002,1.4400000000000002,1.4400000000000002,1.4400000000000002,1.4400000000000002,1.4400000000000002,1.4400000000000002
1.4400000000000002,1.4400000000000002,1.4400000000000002,1.4400000000000002,1.4400000000000002,1.4400000000000002,1.4400000000000002,1.4400000000000002,1.4400000000000002,1.4400000000000002,1.4400000000000002,1.4400000000000002,1.4400000000000002,1.4400000000000002,1.4400000000000002,1.4400000000000002,1.4400000000000002,1.4400000000000002,1.4400000000000002,1.4400000000000002,1.4400000000000002,1.4400000000000002,1.4400000000000002,1.4400000000000002,1.4400000000000002,1.4400000000000002,1.4400000000000002,1.4400000000000002,1.4400000000000002,1.4400000000000002,1.4400000000000002,1.4400000000000002,1.4400000000000002,1.4400000000000002,1.4400000000000002,1.4400000000000002,1.4400000000000002,1.4400000000000002,1.4400000000000002,1.4400000000000002,1.4400000000000002,1.4400000000000002,1.4400000000000002,1.4400000000000002,1.4400000000000002,1.4400000000000002,1.4400000000000002,1.4400000000000002,1.4400000000000002,1.4400000000000002,1.4400000000000002,1.4400000000000002,1.4400000000000002,1.4400000000000002,1.4400000000000002,1.4400000000000002,1.4400000000000002,1.4400000000000002,1.4400000000000002,1.4400000000000002,1.4400000000000002,1.4400000000000002,1.4400000000000002,1.4400000000000002,1.4400000000000002,1.4400000000000002,1.4400000000000002,1.4400000000000002,1.4400000000000002,1.4400000000000002,1.4400000000000002,1.4400000000000002,1.4400000000000002,1.4400000000000002,1.4400000000000002,1.4400000000000002,1.4400000000000002,1.4400000000000002,1.4400000000000002,1.4400000000000002,1.4400000000000002,1.4400000000000002,1.4400000000000002,1.4400000000000002,1.4400000000000002,1.4400000000000002,1.4400000000000002,1.4400000000000002,1.4400000000000002,1.4400000000000002,1.4400000000000002,1.4400000000000002,1.4400000000000002,1.4400000000000002,1.4400000000000002,1.4400000000000002,1.4400000000000002,1.4400000000000002,1.4400000000000002,1.4400000000000002
1.4400000000000002,1.4400000000000002,1.4400000000000002,1.4400000000000002,1.4400000000000002,1.4400000000000002,1.4400000000000002,1.4400000000000002,1.4400000000000002,1.4400000000000002,1.4400000000000002,1.4400000000000002,1.4400000000000002,1.4400000000000002,1.4400000000000002,1.4400000000000002,1.4400000000000002,1.4400000000000002,1.4400000000000002,1.4400000000000002,1.4400000000000002,1.4400000000000002,1.4400000000000002,1.4400000000000002,1.4400000000000002,1.4400000000000002,1.4400000000000002,1.4400000000000002,1.4400000000000002,1.4400000000000002,1.4400000000000002,1.4400000000000002,1.4400000000000002,1.4400000000000002,1.4400000000000002,1.4400000000000002,1.4400000000000002,1.4400000000000002,1.4400000000000002,1.4400000000000002,1.4400000000000002,1.4400000000000002,1.4400000000000002,1.4400000000000002,1.4400000000000002,1.4400000000000002,1.4400000000000002,1.4400000000000002,1.4400000000000002,1.4400000000000002,1.4400000000000002,1.4400000000000002,1.4400000000000002,1.4400000000000002,1.4400000000000002,1.4400000000000002,1.4400000000000002,1.4400000000000002,1.4400000000000002,1.4400000000000002,1.4400000000000002,1.4400000000000002,1.4400000000000002,1.4400000000000002,1.4400000000000002,1.4400000000000002,1.4400000000000002,1.4400000000000002,1.4400000000000002,1.4400000000000002,1.4400000000000002,1.4400000000000002,1.4400000000000002,1.4400000000000002,1.4400000000000002,1.4400000000000002,1.4400000000000002,1.4400000000000002,1.4400000000000002,1.4400000000000002,1.4400000000000002,1.4400000000000002,1.4400000000000002,1.4400000000000002,1.4400000000000002,1.4400000000000002,1.4400000000000002,1.4400000000000002,1.4400000000000002,1.4400000000000002,1.4400000000000002,1.4400000000000002,1.4400000000000002,1.4400000000000002,1.4400000000000002,1.4400000000000002,1.4400000000000002,1.4400000000000002,1.4400000000000002,1.4400000000000002
1.4400000000000002,1.4400000000000002,1.4400000000000002,1.4400000000000002,1.4400000000000002,1.4400000000000002,1.4400000000000002,1.4400000000000002,1.4400000000000002,1.4400000000000002,1.4400000000000002,1.4400000000000002,1.4400000000000002,1.4400000000000002,1.4400000000000002,1.4400000000000002,1.4400000000000002,1.4400000000000002,1.4400000000000002,1.4400000000000002,1.4400000000000002,1.4400000000000002,1.4400000000000002,1.4400000000000002,1.4400000000000002,1.4400000000000002,1.4400000000000002,1.4400000000000002,1.4400000000000002,1.4400000000000002,1.4400000000000002,1.4400000000000002,1.4400000000000002,1.4400000000000002,1.4400000000000002,1.4400000000000002,1.4400000000000002,1.4400000000000002,1.4400000000000002,1.4400000000000002,1.4400000000000002,1.4400000000000002,1.4400000000000002,1.4400000000000002,1.4400000000000002,1.4400000000000002,1.4400000000000002,1.4400000000000002,1.4400000000000002,1.4400000000000002,1.4400000000000002,1.4400000000000002,1.4400000000000002,1.4400000000000002,1.4400000000000002,1.4400000000000002,1.4400000000000002,1.4400000000000002,1.4400000000000002,1.4400000000000002,1.4400000000000002,1.4400000000000002,1.4400000000000002,1.4400000000000002,1.4400000000000002,1.4400000000000002,1.4400000000000002,1.4400000000000002,1.4400000000000002,1.4400000000000002,1.4400000000000002,1.4400000000000002,1.4400000000000002,1.4400000000000002,1.4400000000000002,1.4400000000000002,1.4400000000000002,1.4400000000000002,1.4400000000000002,1.4400000000000002,1.4400000000000002,1.4400000000000002,1.4400000000000002,1.4400000000000002,1.4400000000000002,1.4400000000000002,1.4400000000000002,1.4400000000000002,1.4400000000000002,1.4400000000000002,1.4400000000000002,1.4400000000000002,1.4400000000000002,1.4400000000000002,1.4400000000000002,1.4400000000000002,1.4400000000000002,1.4400000000000002,1.4400000000000002,1.4400000000000002
1.4400000000000002,1.4400000000000002,1.4400000000000002,1.4400000000000002,1.4400000000000002,1.4400000000000002,1.4400000000000002,1.4400000000000002,1.4400000000000002,1.4400000000000002,1.4400000000000002,1.4400000000000002,1.4400000000000002,1.4400000000000002,1.4400000000000002,1.4400000000000002,1.4400000000000002,1.4400000000000002,1.4400000000000002,1.4400000000000002,1.4400000000000002,1.4400000000000002,1.4400000000000002,1.4400000000000002,1.4400000000000002,1.4400000000000002,1.4400000000000002,1.4400000000000002,1.4400000000000002,1.4400000000000002,1.4400000000000002,1.4400000000000002,1.4400000000000002,1.4400000000000002,1.4400000000000002,1.4400000000000002,1.4400000000000002,1.4400000000000002,1.4400000000000002,1.4400000000000002,1.4400000000000002,1.4400000000000002,1.4400000000000002,1.4400000000000002,1.4400000000000002,1.4400000000000002,1.4400000000000002,1.4400000000000002,1.4400000000000002,1.4400000000000002,1.4400000000000002,1.4400000000000002,1.4400000000000002,1.4400000000000002,1.4400000000000002,1.4400000000000002,1.3333333333333333,1.4400000000000002,1.4400000000000002,1.4400000000000002,1.4400000000000002,1.4400000000000002,1.4400000000000002,1.4400000000000002,1.4400000000000002,1.4400000000000002,1.4400000000000002,1.4400000000000002,1.4400000000000002,1.4400000000000002,1.4400000000000002,1.4400000000000002,1.4400000000000002,1.4400000000000002,1.4400000000000002,1.4400000000000002,1.4400000000000002,1.4400000000000002,1.4400000000000002,1.4400000000000002,1.4400000000000002,1.4400000000000002,1.4400000000000002,1.4400000000000002,1.4400000000000002,1.4400000000000002,1.4400000000000002,1.4400000000000002,1.4400000000000002,1.4400000000000002,1.4400000000000002,1.4400000000000002,1.4400000000000002,1.4400000000000002,1.4400000000000002,1.4400000000000002,1.4400000000000002,1.4400000000000002,1.4400000000000002,1.4400000000000002
1.4400000000000002,1.4400000000000002,1.4400000000000002,1.4400000000000002,1.4400000000000002,1.4400000000000002,1.4400000000000002,1.4400000000000002,1.4400000000000002,1.4400000000000002,1.4400000000000002,1.4400000000000002,1.4400000000000002,1.4400000000000002,1.4400000000000002,1.4400000000000002,1.4400000000000002,1.4400000000000002,1.4400000000000002,1.4400000000000002,1.4400000000000002,1.4400000000000002,1.4400000000000002,1.4400000000000002,1.4400000000000002,1.4400000000000002,1.4400000000000002,1.4400000000000002,1.4400000000000002,1.4400000000000002,1.4400000000000002,1.4400000000000002,1.4400000000000002,1.4400000000000002,1.4400000000000002,1.4400000000000002,1.4400000000000002,1.4400000000000002,1.4400000000000002,1.4400000000000002,1.4400000000000002,1.4400000000000002,1.4400000000000002,1.4400000000000002,1.4400000000000002,1.4400000000000002,1.4400000000000002,1.4400000000000002,1.4400000000000002,1.4400000000000002,1.4400000000000002,1.4400000000000002,1.4400000000000002,1.4400000000000002,1.4400000000000002,1.4400000000000002,1.4400000000000002,1.4400000000000002,1.4400000000000002,1.4400000000000002,1.4400000000000002,1.4400000000000002,1.4400000000000002,1.4400000000000002,1.4400000000000002,1.4400000000000002,1.4400000000000002,1.4400000000000002,1.4400000000000002,1.4400000000000002,1.4400000000000002,1.4400000000000002,1.4400000000000002,1.4400000000000002,1.4400000000000002,1.4400000000000002,1.4400000000000002,1.4400000000000002,1.4400000000000002,1.4400000000000002,1.4400000000000002,1.4400000000000002,1.4400000000000002,1.4400000000000002,1.4400000000000002,1.4400000000000002,1.4400000000000002,1.4400000000000002,1.4400000000000002,1.4400000000000002,1.4400000000000002,1.4400000000000002,1.4400000000000002,1.4400000000000002,1.4400000000000002,1.4400000000000002,1.4400000000000002,1.4400000000000002,1.4400000000000002,1.4400000000000002
1.4400000000000002,1.4400000000000002,1.4400000000000002,1.4400000000000002,1.4400000000000002,1.4400000000000002,1.4400000000000002,1.4400000000000002,1.4400000000000002,1.4400000000000002,1.4400000000000002,1.4400000000000002,1.4400000000000002,1.4400000000000002,1.4400000000000002,1.4400000000000002,1.4400000000000002,1.4400000000000002,1.4400000000000002,1.4400000000000002,1.4400000000000002,1.4400000000000002,1.4400000000000002,1.4400000000000002,1.4400000000000002,1.4400000000000002,1.4400000000000002,1.4400000000000002,1.4400000000000002,1.4400000000000002,1.4400000000000002,1.4400000000000002,1.4400000000000002,1.4400000000000002,1.4400000000000002,1.4400000000000002,1.4400000000000002,1.4400000000000002,1.4400000000000002,1.4400000000000002,1.4400000000000002,1.4400000000000002,1.4400000000000002,1.4400000000000002,1.4400000000000002,1.4400000000000002,1.4400000000000002,1.4400000000000002,1.4400000000000002,1.4400000000000002,1.4400000000000002,1.4400000000000002,1.4400000000000002,1.4400000000000002,1.4400000000000002,1.4400000000000002,1.4400000000000002,1.4400000000000002,1.4400000000000002,1.4400000000000002,1.4400000000000002,1.4400000000000002,1.4400000000000002,1.4400000000000002,1.4400000000000002,1.4400000000000002,1.4400000000000002,1.4400000000000002,1.4400000000000002,1.4400000000000002,1.4400000000000002,1.4400000000000002,1.4400000000000002,1.4400000000000002,1.4400000000000002,1.4400000000000002,1.4400000000000002,1.4400000000000002,1.4400000000000002,1.4400000000000002,1.4400000000000002,1.4400000000000002,1.4400000000000002,1.4400000000000002,1.4400000000000002,1.4400000000000002,1.4400000000000002,1.4400000000000002,1.4400000000000002,1.4400000000000002,1.4400000000000002,1.4400000000000002,1.4400000000000002,1.4400000000000002,1.4400000000000002,1.4400000000000002,1.4400000000000002,1.4400000000000002,1.4400000000000002,1.4400000000000002
1.4400000000000002,1.4400000000000002,1.4400000000000002,1.4400000000000002,1.4400000000000002,1.4400000000000002,1.4400000000000002,1.4400000000000002,1.4400000000000002,1.4400000000000002,1.4400000000000002,1.4400000000000002,1.4400000000000002,1.4400000000000002,1.4400000000000002,1.4400000000000002,1.4400000000000002,1.4400000000000002,1.4400000000000002,1.4400000000000002,1.4400000000000002,1.4400000000000002,1.4400000000000002,1.4400000000000002,1.4400000000000002,1.4400000000000002,1.4400000000000002,1.4400000000000002,1.4400000000000002,1.4400000000000002,1.4400000000000002,1.4400000000000002,1.4400000000000002,1.4400000000000002,1.4400000000000002,1.4400000000000002,1.4400000000000002,1.4400000000000002,1.4400000000000002,1.4400000000000002,1.4400000000000002,1.4400000000000002,1.4400000000000002,1.4400000000000002,1.4400000000000002,1.4400000000000002,1.4400000000000002,1.4400000000000002,1.4400000000000002,1.4400000000000002,1.4400000000000002,1.4400000000000002,1.4400000000000002,1.4400000000000002,1.4400000000000002,1.4400000000000002,1.4400000000000002,1.4400000000000002,1.4400000000000002,1.4400000000000002,1.4400000000000002,1.4400000000000002,1.4400000000000002,1.4400000000000002,1.4400000000000002,1.4400000000000002,1.4400000000000002,1.4400000000000002,1.4400000000000002,1.4400000000000002,1.4400000000000002,1.4400000000000002,1.4400000000000002,1.4400000000000002,1.4400000000000002,1.4400000000000002,1.4400000000000002,1.4400000000000002,1.4400000000000002,1.4400000000000002,1.4400000000000002,1.4400000000000002,1.4400000000000002,1.4400000000000002,1.4400000000000002,1.4400000000000002,1.4400000000000002,1.4400000000000002,1.4400000000000002,1.4400000000000002,1.4400000000000002,1.4400000000000002,1.4400000000000002,1.4400000000000002,1.4400000000000002,1.4400000000000002,1.4400000000000002,1.4400000000000002,1.4400000000000002,1.4400000000000002
1.4400000000000002,1.4400000000000002,1.4400000000000002,1.4400000000000002,1.4400000000000002,1.4400000000000002,1.4400000000000002,1.4400000000000002,1.4400000000000002,1.4400000000000002,1.4400000000000002,1.4400000000000002,1.4400000000000002,1.4400000000000002,1.4400000000000002,1.4400000000000002,1.4400000000000002,1.4400000000000002,1.4400000000000002,1.4400000000000002,1.4400000000000002,1.4400000000000002,1.4400000000000002,1.4400000000000002,1.4400000000000002,1.4400000000000002,1.4400000000000002,1.4400000000000002,1.4400000000000002,1.4400000000000002,1.4400000000000002,1.4400000000000002,1.4400000000000002,1.4400000000000002,1.4400000000000002,1.4400000000000002,1.4400000000000002,1.4400000000000002,1.4400000000000002,1.4400000000000002,1.4400000000000002,1.4400000000000002,1.4400000000000002,1.4400000000000002,1.4400000000000002,1.4400000000000002,1.4400000000000002,1.4400000000000002,1.4400000000000002,1.4400000000000002,1.4400000000000002,1.4400000000000002,1.4400000000000002,1.4400000000000002,1.4400000000000002,1.4400000000000002,1.4400000000000002,1.4400000000000002,1.4400000000000002,1.4400000000000002,1.4400000000000002,1.4400000000000002,1.4400000000000002,1.4400000000000002,1.4400000000000002,1.4400000000000002,1.4400000000000002,1.4400000000000002,1.4400000000000002,1.4400000000000002,1.4400000000000002,1.4400000000000002,1.4400000000000002,1.4400000000000002,1.4400000000000002,1.4400000000000002,1.4400000000000002,1.4400000000000002,1.4400000000000002,1.4400000000000002,1.4400000000000002,1.4400000000000002,1.4400000000000002,1.4400000000000002,1.4400000000000002,1.4400000000000002,1.4400000000000002,1.4400000000000002,1.4400000000000002,1.4400000000000002,1.4400000000000002,1.4400000000000002,1.4400000000000002,1.4400000000000002,1.4400000000000002,1.4400000000000002,1.4400000000000002,1.4400000000000002,1.4400000000000002,1.4400000000000002
1.4400000000000002,1.4400000000000002,1.4400000000000002,1.4400000000000002,1.4400000000000002,1.4400000000000002,1.4400000000000002,1.4400000000000002,1.4400000000000002,1.4400000000000002,1.4400000000000002,1.4400000000000002,1.4400000000000002,1.4400000000000002,1.4400000000000002,1.4400000000000002,1.4400000000000002,1.4400000000000002,1.4400000000000002,1.4400000000000002,1.4400000000000002,1.4400000000000002,1.4400000000000002,1.4400000000000002,1.4400000000000002,1.4400000000000002,1.4400000000000002,1.4400000000000002,1.4400000000000002,1.4400000000000002,1.4400000000000002,1.4400000000000002,1.4400000000000002,1.4400000000000002,1.4400000000000002,1.4400000000000002,1.4400000000000002,1.4400000000000002,1.4400000000000002,1.4400000000000002,1.4400000000000002,1.4400000000000002,1.4400000000000002,1.4400000000000002,1.4400000000000002,1.4400000000000002,1.4400000000000002,1.4400000000000002,1.4400000000000002,1.4400000000000002,1.4400000000000002,1.4400000000000002,1.4400000000000002,1.4400000000000002,1.4400000000000002,1.4400000000000002,1.4400000000000002,1.4400000000000002,1.4400000000000002,1.4400000000000002,1.4400000000000002,1.4400000000000002,1.4400000000000002,1.4400000000000002,1.4400000000000002,1.4400000000000002,1.4400000000000002,1.4400000000000002,1.4400000000000002,1.4400000000000002,1.4400000000000002,1.4400000000000002,1.4400000000000002,1.4400000000000002,1.4400000000000002,1.4400000000000002,1.4400000000000002,1.4400000000000002,1.4400000000000002,1.4400000000000002,1.4400000000000002,1.4400000000000002,1.4400000000000002,1.4400000000000002,1.4400000000000002,1.4400000000000002,1.4400000000000002,1.4400000000000002,1.4400000000000002,1.4400000000000002,1.4400000000000002,1.4400000000000002,1.4400000000000002,1.4400000000000002,1.4400000000000002,1.4400000000000002,1.4400000000000002,1.4400000000000002,1.4400000000000002,1.4400000000000002
1.4400000000000002,1.4400000000000002,1.4400000000000002,1.4400000000000002,1.4400000000000002,1.4400000000000002,1.4400000000000002,1.4400000000000002,1.4400000000000002,1.4400000000000002,1.4400000000000002,1.4400000000000002,1.4400000000000002,1.4400000000000002,1.4400000000000002,1.4400000000000002,1.4400000000000002,1.4400000000000002,1.4400000000000002,1.4400000000000002,1.4400000000000002,1.4400000000000002,1.4400000000000002,1.4400000000000002,1.4400000000000002,1.4400000000000002,1.4400000000000002,1.4400000000000002,1.4400000000000002,1.4400000000000002,1.4400000000000002,1.4400000000000002,1.4400000000000002,1.4400000000000002,1.4400000000000002,1.4400000000000002,1.4400000000000002,1.4400000000000002,1.4400000000000002,1.4400000000000002,1.4400000000000002,1.4400000000000002,1.4400000000000002,1.4400000000000002,1.4400000000000002,1.4400000000000002,1.4400000000000002,1.4400000000000002,1.4400000000000002,1.4400000000000002,1.4400000000000002,1.4400000000000002,1.4400000000000002,1.4400000000000002,1.4400000000000002,1.4400000000000002,1.4400000000000002,1.4400000000000002,1.4400000000000002,1.4400000000000002,1.4400000000000002,1.4400000000000002,1.4400000000000002,1.4400000000000002,1.4400000000000002,1.4400000000000002,1.4400000000000002,1.4400000000000002,1.4400000000000002,1.4400000000000002,1.4400000000000002,1.3333333333333333,1.4400000000000002,1.4400000000000002,1.4400000000000002,1.4400000000000002,1.4400000000000002,1.4400000000000002,1.4400000000000002,1.4400000000000002,1.4400000000000002,1.4400000000000002,1.4400000000000002,1.4400000000000002,1.4400000000000002,1.4400000000000002,1.4400000000000002,1.4400000000000002,1.4400000000000002,1.4400000000000002,1.4400000000000002,1.4400000000000002,1.4400000000000002,1.4400000000000002,1.4400000000000002,1.4400000000000002,1.4400000000000002,1.4400000000000002,1.4400000000000002,1.4400000000000002
1.4400000000000002,1.4400000000000002,1.4400000000000002,1.4400000000000002,1.4400000000000002,1.4400000000000002,1.4400000000000002,1.4400000000000002,1.4400000000000002,1.4400000000000002,1.4400000000000002,1.4400000000000002,1.4400000000000002,1.4400000000000002,1.4400000000000002,1.4400000000000002,1.4400000000000002,1.4400000000000002,1.4400000000000002,1.4400000000000002,1.4400000000000002,1.4400000000000002,1.4400000000000002,1.4400000000000002,1.4400000000000002,1.4400000000000002,1.4400000000000002,1.4400000000000002,1.4400000000000002,1.4400000000000002,1.4400000000000002,1.4400000000000002,1.4400000000000002,1.4400000000000002,1.4400000000000002,1.4400000000000002,1.4400000000000002,1.4400000000000002,1.4400000000000002,1.4400000000000002,1.4400000000000002,1.4400000000000002,1.4400000000000002,1.4400000000000002,1.4400000000000002,1.4400000000000002,1.4400000000000002,1.4400000000000002,1.4400000000000002,1.4400000000000002,1.4400000000000002,1.4400000000000002,1.4400000000000002,1.4400000000000002,1.4400000000000002,1.4400000000000002,1.4400000000000002,1.4400000000000002,1.4400000000000002,1.4400000000000002,1.4400000000000002,1.4400000000000002,1.4400000000000002,1.4400000000000002,1.4400000000000002,1.4400000000000002,1.4400000000000002,1.4400000000000002,1.4400000000000002,1.4400000000000002,1.4400000000000002,1.4400000000000002,1.4400000000000002,1.4400000000000002,1.4400000000000002,1.4400000000000002,1.4400000000000002,1.4400000000000002,1.4400000000000002,1.4400000000000002,1.4400000000000002,1.4400000000000002,1.4400000000000002,1.4400000000000002,1.4400000000000002,1.4400000000000002,1.4400000000000002,1.4400000000000002,1.4400000000000002,1.4400000000000002,1.4400000000000002,1.4400000000000002,1.4400000000000002,1.4400000000000002,1.4400000000000002,1.4400000000000002,1.4400000000000002,1.4400000000000002,1.4400000000000002,1.4400000000000002
1.4400000000000002,1.4400000000000002,1.4400000000000002,1.4400000000000002,1.4400000000000002,1.4400000000000002,1.4400000000000002,1.4400000000000002,1.4400000000000002,1.4400000000000002,1.4400000000000002,1.4400000000000002,1.4400000000000002,1.4400000000000002,1.4400000000000002,1.4400000000000002,1.4400000000000002,1.4400000000000002,1.4400000000000002,1.4400000000000002,1.4400000000000002,1.4400000000000002,1.4400000000000002,1.4400000000000002,1.4400000000000002,1.4400000000000002,1.4400000000000002,1.4400000000000002,1.4400000000000002,1.4400000000000002,1.4400000000000002,1.4400000000000002,1.4400000000000002,1.4400000000000002,1.4400000000000002,1.4400000000000002,1.4400000000000002,1.4400000000000002,1.4400000000000002,1.4400000000000002,1.4400000000000002,1.4400000000000002,1.4400000000000002,1.4400000000000002,1.4400000000000002,1.4400000000000002,1.4400000000000002,1.4400000000000002,1.4400000000000002,1.4400000000000002,1.4400000000000002,1.4400000000000002,1.4400000000000002,1.4400000000000002,1.4400000000000002,1.4400000000000002,1.4400000000000002,1.4400000000000002,1.4400000000000002,1.4400000000000002,1.4400000000000002,1.4400000000000002,1.4400000000000002,1.4400000000000002,1.4400000000000002,1.4400000000000002,1.4400000000000002,1.4400000000000002,1.4400000000000002,1.4400000000000002,1.4400000000000002,1.4400000000000002,1.4400000000000002,1.4400000000000002,1.4400000000000002,1.4400000000000002,1.4400000000000002,1.4400000000000002,1.4400000000000002,1.4400000000000002,1.4400000000000002,1.4400000000000002,1.4400000000000002,1.4400000000000002,1.4400000000000002,1.4400000000000002,1.4400000000000002,1.4400000000000002,1.4400000000000002,1.4400000000000002,1.4400000000000002,1.4400000000000002,1.4400000000000002,1.4400000000000002,1.4400000000000002,1.4400000000000002,1.4400000000000002,1.4400000000000002,1.4400000000000002,1.4400000000000002
1.4400000000000002,1.4400000000000002,1.4400000000000002,1.4400000000000002,1.4400000000000002,1.4400000000000002,1.4400000000000002,1.4400000000000002,1.4400000000000002,1.4400000000000002,1.4400000000000002,1.4400000000000002,1.4400000000000002,1.4400000000000002,1.4400000000000002,1.4400000000000002,1.4400000000000002,1.4400000000000002,1.4400000000000002,1.4400000000000002,1.4400000000000002,1.4400000000000002,1.4400000000000002,1.4400000000000002,1.4400000000000002,1.4400000000000002,1.4400000000000002,1.4400000000000002,1.4400000000000002,1.4400000000000002,1.4400000000000002,1.4400000000000002,1.4400000000000002,1.4400000000000002,1.4400000000000002,1.4400000000000002,1.4400000000000002,1.4400000000000002,1.4400000000000002,1.4400000000000002,1.4400000000000002,1.4400000000000002,1.4400000000000002,1.4400000000000002,1.4400000000000002,1.4400000000000002,1.4400000000000002,1.4400000000000002,1.4400000000000002,1.4400000000000002,1.4400000000000002,1.4400000000000002,1.4400000000000002,1.4400000000000002,1.4400000000000002,1.4400000000000002,1.4400000000000002,1.4400000000000002,1.4400000000000002,1.4400000000000002,1.4400000000000002,1.4400000000000002,1.4400000000000002,1.4400000000000002,1.4400000000000002,1.4400000000000002,1.4400000000000002,1.4400000000000002,1.4400000000000002,1.4400000000000002,1.4400000000000002,1.4400000000000002,1.4400000000000002,1.4400000000000002,1.4400000000000002,1.4400000000000002,1.4400000000000002,1.4400000000000002,1.4400000000000002,1.4400000000000002,1.4400000000000002,1.4400000000000002,1.4400000000000002,1.4400000000000002,1.4400000000000002,1.4400000000000002,1.4400000000000002,1.4400000000000002,1.4400000000000002,1.4400000000000002,1.4400000000000002,1.4400000000000002,1.4400000000000002,1.4400000000000002,1.4400000000000002,1.4400000000000002,1.4400000000000002,1.4400000000000002,1.4400000000000002,1.4400000000000002
1.4400000000000002,1.4400000000000002,1.4400000000000002,1.4400000000000002,1.4400000000000002,1.4400000000000002,1.4400000000000002,1.4400000000000002,1.4400000000000002,1.4400000000000002,1.4400000000000002,1.4400000000000002,1.4400000000000002,1.4400000000000002,1.4400000000000002,1.4400000000000002,1.4400000000000002,1.4400000000000002,1.4400000000000002,1.4400000000000002,1.4400000000000002,1.4400000000000002,1.4400000000000002,1.4400000000000002,1.4400000000000002,1.4400000000000002,1.4400000000000002,1.4400000000000002,1.4400000000000002,1.4400000000000002,1.4400000000000002,1.4400000000000002,1.4400000000000002,1.4400000000000002,1.4400000000000002,1.4400000000000002,1.4400000000000002,1.4400000000000002,1.4400000000000002,1.4400000000000002,1.4400000000000002,1.4400000000000002,1.4400000000000002,1.4400000000000002,1.4400000000000002,1.4400000000000002,1.4400000000000002,1.4400000000000002,1.4400000000000002,1.4400000000000002,1.4400000000000002,1.4400000000000002,1.4400000000000002,1.4400000000000002,1.4400000000000002,1.4400000000000002,1.4400000000000002,1.4400000000000002,1.4400000000000002,1.4400000000000002,1.4400000000000002,1.4400000000000002,1.4400000000000002,1.4400000000000002,1.4400000000000002,1.4400000000000002,1.4400000000000002,1.4400000000000002,1.4400000000000002,1.4400000000000002,1.4400000000000002,1.4400000000000002,1.4400000000000002,1.4400000000000002,1.4400000000000002,1.4400000000000002,1.4400000000000002,1.4400000000000002,1.4400000000000002,1.4400000000000002,1.4400000000000002,1.4400000000000002,1.4400000000000002,1.4400000000000002,1.4400000000000002,1.4400000000000002,1.4400000000000002,1.4400000000000002,1.4400000000000002,1.4400000000000002,1.4400000000000002,1.4400000000000002,1.4400000000000002,1.4400000000000002,1.4400000000000002,1.4400000000000002,1.4400000000000002,1.4400000000000002,1.4400000000000002,1.4400000000000002
1.4400000000000002,1.4400000000000002,1.4400000000000002,1.4400000000000002,1.4400000000000002,1.4400000000000002,1.4400000000000002,1.4400000000000002,1.4400000000000002,1.4400000000000002,1.4400000000000002,1.4400000000000002,1.4400000000000002,1.4400000000000002,1.4400000000000002,1.4400000000000002,1.4400000000000002,1.4400000000000002,1.4400000000000002,1.4400000000000002,1.4400000000000002,1.4400000000000002,1.4400000000000002,1.4400000000000002,1.4400000000000002,1.4400000000000002,1.4400000000000002,1.4400000000000002,1.4400000000000002,1.4400000000000002,1.4400000000000002,1.4400000000000002,1.4400000000000002,1.4400000000000002,1.4400000000000002,1.4400000000000002,1.4400000000000002,1.4400000000000002,1.4400000000000002,1.4400000000000002,1.4400000000000002,1.4400000000000002,1.4400000000000002,1.4400000000000002,1.4400000000000002,1.4400000000000002,1.4400000000000002,1.4400000000000002,1.4400000000000002,1.4400000000000002,1.4400000000000002,1.4400000000000002,1.4400000000000002,1.4400000000000002,1.4400000000000002,1.4400000000000002,1.4400000000000002,1.4400000000000002,1.4400000000000002,1.4400000000000002,1.4400000000000002,1.4400000000000002,1.4400000000000002,1.4400000000000002,1.4400000000000002,1.4400000000000002,1.4400000000000002,1.4400000000000002,1.4400000000000002,1.4400000000000002,1.4400000000000002,1.4400000000000002,1.4400000000000002,1.4400000000000002,1.4400000000000002,1.4400000000000002,1.4400000000000002,1.4400000000000002,1.4400000000000002,1.4400000000000002,1.4400000000000002,1.4400000000000002,1.4400000000000002,1.4400000000000002,1.4400000000000002,1.4400000000000002,1.4400000000000002,1.4400000000000002,1.4400000000000002,1.4400000000000002,1.4400000000000002,1.4400000000000002,1.4400000000000002,1.4400000000000002,1.4400000000000002,1.4400000000000002,1.4400000000000002,1.4400000000000002,1.4400000000000002,1.4400000000000002
1.4400000000000002,1.4400000000000002,1.4400000000000002,1.4400000000000002,1.4400000000000002,1.4400000000000002,1.4400000000000002,1.4400000000000002,1.4400000000000002,1.4400000000000002,1.4400000000000002,1.4400000000000002,1.4400000000000002,1.4400000000000002,1.4400000000000002,1.4400000000000002,1.4400000000000002,1.4400000000000002,1.4400000000000002,1.4400000000000002,1.4400000000000002,1.4400000000000002,1.4400000000000002,1.4400000000000002,1.4400000000000002,1.4400000000000002,1.4400000000000002,1.4400000000000002,1.4400000000000002,1.4400000000000002,1.4400000000000002,1.4400000000000002,1.4400000000000002,1.4400000000000002,1.4400000000000002,1.4400000000000002,1.4400000000000002,1.4400000000000002,1.4400000000000002,1.4400000000000002,1.4400000000000002,1.4400000000000002,1.4400000000000002,1.4400000000000002,1.4400000000000002,1.4400000000000002,1.4400000000000002,1.4400000000000002,1.4400000000000002,1.4400000000000002,1.4400000000000002,1.4400000000000002,1.4400000000000002,1.4400000000000002,1.4400000000000002,1.4400000000000002,1.4400000000000002,1.4400000000000002,1.4400000000000002,1.4400000000000002,1.4400000000000002,1.4400000000000002,1.4400000000000002,1.4400000000000002,1.4400000000000002,1.4400000000000002,1.4400000000000002,1.4400000000000002,1.4400000000000002,1.4400000000000002,1.4400000000000002,1.4400000000000002,1.4400000000000002,1.4400000000000002,1.4400000000000002,1.4400000000000002,1.4400000000000002,1.4400000000000002,1.4400000000000002,1.4400000000000002,1.4400000000000002,1.4400000000000002,1.4400000000000002,1.4400000000000002,1.4400000000000002,1.4400000000000002,1.4400000000000002,1.4400000000000002,1.4400000000000002,1.4400000000000002,1.4400000000000002,1.4400000000000002,1.4400000000000002,1.4400000000000002,1.4400000000000002,1.4400000000000002,1.4400000000000002,1.4400000000000002,1.4400000000000002,1.4400000000000002
1.4400000000000002,1.4400000000000002,1.4400000000000002,1.4400000000000002,1.4400000000000002,1.4400000000000002,1.4400000000000002,1.4400000000000002,1.4400000000000002,1.4400000000000002,1.4400000000000002,1.4400000000000002,1.4400000000000002,1.4400000000000002,1.4400000000000002,1.4400000000000002,1.4400000000000002,1.4400000000000002,1.4400000000000002,1.4400000000000002,1.4400000000000002,1.4400000000000002,1.4400000000000002,1.4400000000000002,1.4400000000000002,1.4400000000000002,1.4400000000000002,1.4400000000000002,1.4400000000000002,1.4400000000000002,1.4400000000000002,1.4400000000000002,1.4400000000000002,1.4400000000000002,1.4400000000000002,1.4400000000000002,1.4400000000000002,1.4400000000000002,1.4400000000000002,1.4400000000000002,1.4400000000000002,1.4400000000000002,1.4400000000000002,1.4400000000000002,1.4400000000000002,1.4400000000000002,1.4400000000000002,1.4400000000000002,1.4400000000000002,1.4400000000000002,1.4400000000000002,1.4400000000000002,1.4400000000000002,1.4400000000000002,1.4400000000000002,1.4400000000000002,1.4400000000000002,1.4400000000000002,1.4400000000000002,1.4400000000000002,1.4400000000000002,1.4400000000000002,1.4400000000000002,1.4400000000000002,1.4400000000000002,1.4400000000000002,1.4400000000000002,1.4400000000000002,1.4400000000000002,1.4400000000000002,1.4400000000000002,1.4400000000000002,1.4400000000000002,1.4400000000000002,1.4400000000000002,1.4400000000000002,1.4400000000000002,1.4400000000000002,1.4400000000000002,1.4400000000000002,1.4400000000000002,1.4400000000000002,1.4400000000000002,1.4400000000000002,1.4400000000000002,1.4400000000000002,1.4400000000000002,1.4400000000000002,1.4400000000000002,1.4400000000000002,1.4400000000000002,1.4400000000000002,1.4400000000000002,1.4400000000000002,1.4400000000000002,1.4400000000000002,1.4400000000000002,1.4400000000000002,1.4400000000000002,1.4400000000000002
1.4400000000000002,1.4400000000000002,1.4400000000000002,1.4400000000000002,1.4400000000000002,1.4400000000000002,1.4400000000000002,1.4400000000000002,1.4400000000000002,1.4400000000000002,1.4400000000000002,1.4400000000000002,1.4400000000000002,1.4400000000000002,1.4400000000000002,1.4400000000000002,1.4400000000000002,1.4400000000000002,1.4400000000000002,1.4400000000000002,1.4400000000000002,1.4400000000000002,1.4400000000000002,1.4400000000000002,1.4400000000000002,1.4400000000000002,1.4400000000000002,1.4400000000000002,1.4400000000000002,1.4400000000000002,1.4400000000000002,1.4400000000000002,1.4400000000000002,1.4400000000000002,1.4400000000000002,1.4400000000000002,1.4400000000000002,1.4400000000000002,1.4400000000000002,1.4400000000000002,1.4400000000000002,1.4400000000000002,1.4400000000000002,1.4400000000000002,1.4400000000000002,1.4400000000000002,1.4400000000000002,1.4400000000000002,1.4400000000000002,1.4400000000000002,1.4400000000000002,1.4400000000000002,1.4400000000000002,1.4400000000000002,1.4400000000000002,1.4400000000000002,1.4400000000000002,1.4400000000000002,1.4400000000000002,1.4400000000000002,1.4400000000000002,1.4400000000000002,1.4400000000000002,1.4400000000000002,1.4400000000000002,1.4400000000000002,1.4400000000000002,1.4400000000000002,1.4400000000000002,1.4400000000000002,1.4400000000000002,1.4400000000000002,1.4400000000000002,1.4400000000000002,1.4400000000000002,1.4400000000000002,1.4400000000000002,1.4400000000000002,1.4400000000000002,1.4400000000000002,1.4400000000000002,1.4400000000000002,1.4400000000000002,1.4400000000000002,1.4400000000000002,1.4400000000000002,1.4400000000000002,1.4400000000000002,1.4400000000000002,1.4400000000000002,1.4400000000000002,1.4400000000000002,1.4400000000000002,1.4400000000000002,1.4400000000000002,1.4400000000000002,1.4400000000000002,1.4400000000000002,1.4400000000000002,1.4400000000000002
1.4400000000000002,1.4400000000000002,1.4400000000000002,1.4400000000000002,1.4400000000000002,1.4400000000000002,1.4400000000000002,1.4400000000000002,1.4400000000000002,1.4400000000000002,1.4400000000000002,1.4400000000000002,1.4400000000000002,1.4400000000000002,1.4400000000000002,1.4400000000000002,1.4400000000000002,1.4400000000000002,1.4400000000000002,1.4400000000000002,1.4400000000000002,1.4400000000000002,1.4400000000000002,1.4400000000000002,1.4400000000000002,1.4400000000000002,1.4400000000000002,1.4400000000000002,1.4400000000000002,1.4400000000000002,1.4400000000000002,1.4400000000000002,1.4400000000000002,1.4400000000000002,1.4400000000000002,1.4400000000000002,1.4400000000000002,1.4400000000000002,1.4400000000000002,1.4400000000000002,1.4400000000000002,1.4400000000000002,1.4400000000000002,1.4400000000000002,1.4400000000000002,1.4400000000000002,1.4400000000000002,1.4400000000000002,1.4400000000000002,1.4400000000000002,1.4400000000000002,1.4400000000000002,1.4400000000000002,1.4400000000000002,1.4400000000000002,1.4400000000000002,1.4400000000000002,1.4400000000000002,1.4400000000000002,1.4400000000000002,1.4400000000000002,1.4400000000000002,1.4400000000000002,1.4400000000000002,1.4400000000000002,1.4400000000000002,1.4400000000000002,1.4400000000000002,1.4400000000000002,1.4400000000000002,1.4400000000000002,1.4400000000000002,1.4400000000000002,1.4400000000000002,1.4400000000000002,1.4400000000000002,1.4400000000000002,1.4400000000000002,1.4400000000000002,1.4400000000000002,1.4400000000000002,1.4400000000000002,1.4400000000000002,1.4400000000000002,1.4400000000000002,1.4400000000000002,1.4400000000000002,1.4400000000000002,1.4400000000000002,1.4400000000000002,1.4400000000000002,1.4400000000000002,1.4400000000000002,1.4400000000000002,1.4400000000000002,1.4400000000000002,1.4400000000000002,1.4400000000000002,1.4400000000000002,1.4400000000000002
1.4400000000000002,1.4400000000000002,1.4400000000000002,1.4400000000000002,1.4400000000000002,1.4400000000000002,1.4400000000000002,1.4400000000000002,1.4400000000000002,1.4400000000000002,1.4400000000000002,1.4400000000000002,1.4400000000000002,1.4400000000000002,1.4400000000000002,1.4400000000000002,1.4400000000000002,1.4400000000000002,1.4400000000000002,1.4400000000000002,1.4400000000000002,1.4400000000000002,1.4400000000000002,1.4400000000000002,1.4400000000000002,1.4400000000000002,1.4400000000000002,1.4400000000000002,1.4400000000000002,1.4400000000000002,1.4400000000000002,1.4400000000000002,1.4400000000000002,1.4400000000000002,1.4400000000000002,1.4400000000000002,1.4400000000000002,1.4400000000000002,1.4400000000000002,1.4400000000000002,1.4400000000000002,1.4400000000000002,1.4400000000000002,1.4400000000000002,1.4400000000000002,1.4400000000000002,1.4400000000000002,1.4400000000000002,1.4400000000000002,1.4400000000000002,1.4400000000000002,1.4400000000000002,1.4400000000000002,1.4400000000000002,1.4400000000000002,1.4400000000000002,1.4400000000000002,1.4400000000000002,1.4400000000000002,1.4400000000000002,1.4400000000000002,1.4400000000000002,1.4400000000000002,1.4400000000000002,1.4400000000000002,1.4400000000000002,1.4400000000000002,1.4400000000000002,1.4400000000000002,1.4400000000000002,1.4400000000000002,1.4400000000000002,1.4400000000000002,1.4400000000000002,1.4400000000000002,1.4400000000000002,1.4400000000000002,1.4400000000000002,1.4400000000000002,1.4400000000000002,1.4400000000000002,1.4400000000000002,1.4400000000000002,1.4400000000000002,1.4400000000000002,1.4400000000000002,1.4400000000000002,1.4400000000000002,1.4400000000000002,1.4400000000000002,1.4400000000000002,1.4400000000000002,1.4400000000000002,1.4400000000000002,1.4400000000000002,1.4400000000000002,1.4400000000000002,1.4400000000000002,1.4400000000000002,1.4400000000000002
1.4400000000000002,1.4400000000000002,1.4400000000000002,1.4400000000000002,1.4400000000000002,1.4400000000000002,1.4400000000000002,1.4400000000000002,1.4400000000000002,1.4400000000000002,1.4400000000000002,1.4400000000000002,1.4400000000000002,1.4400000000000002,1.4400000000000002,1.4400000000000002,1.4400000000000002,1.4400000000000002,1.4400000000000002,1.4400000000000002,1.4400000000000002,1.4400000000000002,1.4400000000000002,1.4400000000000002,1.4400000000000002,1.4400000000000002,1.4400000000000002,1.4400000000000002,1.4400000000000002,1.4400000000000002,1.3333333333333333,1.3333333333333333,1.4400000000000002,1.4400000000000002,1.4400000000000002,1.4400000000000002,1.4400000000000002,1.4400000000000002,1.4400000000000002,1.4400000000000002,1.4400000000000002,1.4400000000000002,1.4400000000000002,1.4400000000000002,1.4400000000000002,1.4400000000000002,1.4400000000000002,1.4400000000000002,1.4400000000000002,1.4400000000000002,1.4400000000000002,1.4400000000000002,1.4400000000000002,1.4400000000000002,1.4400000000000002,1.4400000000000002,1.4400000000000002,1.4400000000000002,1.4400000000000002,1.4400000000000002,1.4400000000000002,1.4400000000000002,1.4400000000000002,1.4400000000000002,1.4400000000000002,1.4400000000000002,1.4400000000000002,1.4400000000000002,1.4400000000000002,1.4400000000000002,1.4400000000000002,1.4400000000000002,1.4400000000000002,1.4400000000000002,1.4400000000000002,1.4400000000000002,1.4400000000000002,1.4400000000000002,1.4400000000000002,1.4400000000000002,1.4400000000000002,1.4400000000000002,1.4400000000000002,1.4400000000000002,1.4400000000000002,1.4400000000000002,1.4400000000000002,1.4400000000000002,1.4400000000000002,1.4400000000000002,1.4400000000000002,1.4400000000000002,1.4400000000000002,1.4400000000000002,1.4400000000000002,1.4400000000000002,1.4400000000000002,1.4400000000000002,1.4400000000000002,1.4400000000000002
1.4400000000000002,1.4400000000000002,1.4400000000000002,1.4400000000000002,1.4400000000000002,1.4400000000000002,1.4400000000000002,1.4400000000000002,1.4400000000000002,1.4400000000000002,1.4400000000000002,1.4400000000000002,1.4400000000000002,1.4400000000000002,1.4400000000000002,1.4400000000000002,1.4400000000000002,1.4400000000000002,1.4400000000000002,1.4400000000000002,1.4400000000000002,1.4400000000000002,1.4400000000000002,1.4400000000000002,1.4400000000000002,1.4400000000000002,1.4400000000000002,1.4400000000000002,1.4400000000000002,1.3333333333333333,1.4400000000000002,1.4400000000000002,1.4400000000000002,1.4400000000000002,1.4400000000000002,1.4400000000000002,1.4400000000000002,1.4400000000000002,1.4400000000000002,1.4400000000000002,1.4400000000000002,1.4400000000000002,1.4400000000000002,1.4400000000000002,1.4400000000000002,1.4400000000000002,1.4400000000000002,1.4400000000000002,1.4400000000000002,1.4400000000000002,1.4400000000000002,1.4400000000000002,1.4400000000000002,1.4400000000000002,1.4400000000000002,1.4400000000000002,1.4400000000000002,1.4400000000000002,1.4400000000000002,1.4400000000000002,1.4400000000000002,1.4400000000000002,1.4400000000000002,1.4400000000000002,1.4400000000000002,1.4400000000000002,1.4400000000000002,1.4400000000000002,1.4400000000000002,1.4400000000000002,1.4400000000000002,1.4400000000000002,1.4400000000000002,1.4400000000000002,1.4400000000000002,1.4400000000000002,1.4400000000000002,1.4400000000000002,1.4400000000000002,1.4400000000000002,1.4400000000000002,1.4400000000000002,1.4400000000000002,1.4400000000000002,1.4400000000000002,1.4400000000000002,1.4400000000000002,1.4400000000000002,1.4400000000000002,1.4400000000000002,1.4400000000000002,1.4400000000000002,1.4400000000000002,1.4400000000000002,1.4400000000000002,1.4400000000000002,1.4400000000000002,1.4400000000000002,1.4400000000000002,1.4400000000000002
1.4400000000000002,1.4400000000000002,1.4400000000000002,1.4400000000000002,1.4400000000000002,1.4400000000000002,1.4400000000000002,1.4400000000000002,1.4400000000000002,1.4400000000000002,1.4400000000000002,1.4400000000000002,1.4400000000000002,1.4400000000000002,1.4400000000000002,1.4400000000000002,1.4400000000000002,1.4400000000000002,1.4400000000000002,1.4400000000000002,1.4400000000000002,1.4400000000000002,1.4400000000000002,1.4400000000000002,1.4400000000000002,1.4400000000000002,1.4400000000000002,1.4400000000000002,1.4400000000000002,1.4400000000000002,1.3333333333333333,1.4400000000000002,0.3,0.3,0.3,0.3,0.3,1.4400000000000002,1.4400000000000002,1.4400000000000002,1.4400000000000002,1.4400000000000002,1.4400000000000002,1.4400000000000002,1.4400000000000002,1.4400000000000002,1.4400000000000002,1.4400000000000002,1.4400000000000002,1.4400000000000002,1.4400000000000002,1.4400000000000002,1.4400000000000002,1.4400000000000002,1.4400000000000002,1.4400000000000002,1.4400000000000002,1.4400000000000002,1.4400000000000002,1.4400000000000002,1.4400000000000002,1.4400000000000002,1.4400000000000002,1.4400000000000002,1.4400000000000002,1.4400000000000002,1.4400000000000002,1.4400000000000002,1.4400000000000002,1.4400000000000002,1.4400000000000002,1.4400000000000002,1.4400000000000002,1.4400000000000002,1.4400000000000002,1.4400000000000002,1.4400000000000002,1.4400000000000002,1.4400000000000002,1.4400000000000002,1.4400000000000002,1.4400000000000002,1.4400000000000002,1.4400000000000002,0.3,0.3,0.3,1.4400000000000002,1.4400000000000002,1.4400000000000002,1.4400000000000002,1.4400000000000002,1.4400000000000002,1.4400000000000002,1.4400000000000002,1.4400000000000002,1.4400000000000002,1.4400000000000002,1.4400000000000002,1.4400000000000002
1.4400000000000002,1.4400000000000002,1.4400000000000002,1.4400000000000002,1.4400000000000002,1.4400000000000002,1.4400000000000002,1.4400000000000002,1.4400000000000002,1.4400000000000002,1.4400000000000002,1.4400000000000002,1.4400000000000002,1.4400000000000002,1.4400000000000002,1.4400000000000002,1.4400000000000002,1.4400000000000002,1.4400000000000002,1.4400000000000002,1.4400000000000002,1.4400000000000002,1.4400000000000002,1.4400000000000002,1.4400000000000002,1.4400000000000002,1.4400000000000002,1.4400000000000002,1.4400000000000002,1.4400000000000002,1.4400000000000002,1.4400000000000002,0.3,0.3,0.3,0.3,0.3,1.4400000000000002,1.4400000000000002,1.4400000000000002,1.4400000000000002,1.4400000000000002,1.4400000000000002,1.4400000000000002,1.4400000000000002,1.4400000000000002,1.4400000000000002,1.4400000000000002,1.4400000000000002,1.4400000000000002,1.4400000000000002,1.4400000000000002,1.4400000000000002,1.4400000000000002,1.4400000000000002,1.4400000000000002,1.4400000000000002,1.4400000000000002,1.4400000000000002,1.4400000000000002,1.4400000000000002,1.4400000000000002,1.4400000000000002,1.4400000000000002,1.4400000000000002,1.4400000000000002,1.4400000000000002,1.4400000000000002,1.4400000000000002,1.4400000000000002,1.4400000000000002,1.4400000000000002,1.4400000000000002,1.4400000000000002,1.4400000000000002,1.4400000000000002,1.4400000000000002,1.4400000000000002,1.4400000000000002,1.4400000000000002,1.4400000000000002,1.4400000000000002,1.4400000000000002,1.4400000000000002,1.4400000000000002,0.3,0.3,1.4400000000000002,1.4400000000000002,1.4400000000000002,1.4400000000000002,1.4400000000000002,1.4400000000000002,1.4400000000000002,1.4400000000000002,1.4400000000000002,1.4400000000000002,1.4400000000000002,1.4400000000000002,1.4400000000000002
1.4400000000000002,1.4400000000000002,1.4400000000000002,1.4400000000000002,1.4400000000000002,1.4400000000000002,1.4400000000000002,1.4400000000000002,1.4400000000000002,1.4400000000000002,1.4400000000000002,1.4400000000000002,1.4400000000000002,1.4400000000000002,1.4400000000000002,1.4400000000000002,1.4400000000000002,1.4400000000000002,1.4400000000000002,1.4400000000000002,1.4400000000000002,1.4400000000000002,1.4400000000000002,1.4400000000000002,1.4400000000000002,1.4400000000000002,1.4400000000000002,1.4400000000000002,1.4400000000000002,1.4400000000000002,1.4400000000000002,1.4400000000000002,0.3,0.3,0.3,0.3,0.3,1.4400000000000002,1.4400000000000002,1.4400000000000002,1.4400000000000002,1.4400000000000002,1.4400000000000002,1.4400000000000002,1.4400000000000002,1.4400000000000002,1.4400000000000002,1.4400000000000002,1.4400000000000002,1.4400000000000002,1.4400000000000002,1.4400000000000002,1.4400000000000002,1.4400000000000002,1.4400000000000002,1.4400000000000002,1.4400000000000002,1.4400000000000002,1.4400000000000002,1.4400000000000002,1.4400000000000002,1.4400000000000002,1.4400000000000002,1.4400000000000002,1.4400000000000002,1.4400000000000002,1.4400000000000002,1.4400000000000002,1.4400000000000002,1.4400000000000002,1.4400000000000002,1.4400000000000002,1.4400000000000002,1.4400000000000002,1.4400000000000002,1.4400000000000002,1.4400000000000002,1.4400000000000002,1.4400000000000002,1.4400000000000002,1.4400000000000002,1.4400000000000002,1.4400000000000002,1.4400000000000002,1.4400000000000002,0.3,0.3,1.4400000000000002,1.4400000000000002,1.4400000000000002,1.4400000000000002,1.4400000000000002,1.4400000000000002,1.4400000000000002,1.4400000000000002,1.4400000000000002,1.4400000000000002,1.4400000000000002,1.4400000000000002,1.4400000000000002
1.4400000000000002,1.4400000000000002,1.4400000000000002,1.4400000000000002,1.4400000000000002,1.4400000000000002,1.4400000000000002,1.4400000000000002,1.4400000000000002,1.4400000000000002,1.4400000000000002,1.4400000000000002,1.4400000000000002,1.4400000000000002,1.4400000000000002,1.4400000000000002,1.4400000000000002,1.4400000000000002,1.4400000000000002,1.4400000000000002,1.4400000000000002,1.4400000000000002,1.4400000000000002,1.4400000000000002,1.4400000000000002,1.4400000000000002,1.4400000000000002,1.4400000000000002,1.4400000000000002,1.4400000000000002,1.4400000000000002,1.4400000000000002,1.4400000000000002,1.4400000000000002,0.3,0.3,0.3,1.4400000000000002,1.4400000000000002,1.4400000000000002,1.4400000000000002,1.4400000000000002,1.4400000000000002,1.4400000000000002,1.4400000000000002,1.4400000000000002,1.4400000000000002,1.4400000000000002,1.4400000000000002,1.4400000000000002,1.4400000000000002,1.4400000000000002,1.4400000000000002,1.4400000000000002,1.4400000000000002,1.4400000000000002,1.4400000000000002,1.4400000000000002,1.4400000000000002,1.4400000000000002,1.4400000000000002,1.4400000000000002,1.4400000000000002,1.4400000000000002,1.4400000000000002,1.4400000000000002,1.4400000000000002,1.4400000000000002,1.4400000000000002,1.4400000000000002,1.4400000000000002,1.4400000000000002,1.4400000000000002,1.4400000000000002,1.4400000000000002,1.4400000000000002,1.4400000000000002,1.4400000000000002,1.4400000000000002,1.4400000000000002,1.4400000000000002,1.4400000000000002,1.4400000000000002,1.4400000000000002,1.4400000000000002,1.4400000000000002,1.4400000000000002,1.4400000000000002,1.4400000000000002,1.4400000000000002,1.4400000000000002,1.4400000000000002,1.4400000000000002,1.4400000000000002,1.4400000000000002,1.4400000000000002,1.4400000000000002,1.4400000000000002,1.4400000000000002,1.4400000000000002
1.4400000000000002,1.4400000000000002,1.4400000000000002,1.4400000000000002,1.4400000000000002,1.4400000000000002,1.4400000000000002,1.4400000000000002,1.4400000000000002,1.4400000000000002,1.4400000000000002,1.4400000000000002,1.4400000000000002,1.4400000000000002,1.4400000000000002,1.4400000000000002,1.4400000000000002,1.4400000000000002,1.4400000000000002,1.4400000000000002,1.4400000000000002,1.4400000000000002,1.4400000000000002,1.4400000000000002,1.4400000000000002,1.4400000000000002,1.4400000000000002,1.4400000000000002,1.4400000000000002,1.4400000000000002,1.4400000000000002,1.4400000000000002,1.4400000000000002,1.4400000000000002,0.3,0.3,0.3,1.4400000000000002,1.4400000000000002,1.4400000000000002,1.4400000000000002,1.4400000000000002,1.4400000000000002,1.4400000000000002,1.4400000000000002,1.4400000000000002,1.4400000000000002,1.4400000000000002,1.4400000000000002,1.4400000000000002,1.4400000000000002,1.4400000000000002,1.4400000000000002,1.4400000000000002,1.4400000000000002,1.4400000000000002,1.4400000000000002,1.4400000000000002,1.4400000000000002,1.4400000000000002,1.4400000000000002,1.4400000000000002,1.4400000000000002,1.4400000000000002,1.4400000000000002,1.4400000000000002,1.4400000000000002,1.4400000000000002,1.4400000000000002,1.4400000000000002,1.4400000000000002,1.4400000000000002,1.4400000000000002,1.4400000000000002,1.4400000000000002,1.4400000000000002,1.4400000000000002,1.4400000000000002,1.4400000000000002,1.4400000000000002,1.4400000000000002,1.4400000000000002,1.4400000000000002,1.4400000000000002,1.4400000000000002,1.4400000000000002,1.4400000000000002,1.4400000000000002,1.4400000000000002,1.4400000000000002,1.4400000000000002,1.4400000000000002,1.4400000000000002,1.4400000000000002,1.4400000000000002,1.4400000000000002,1.4400000000000002,1.4400000000000002,1.4400000000000002,1.4400000000000002
1.4400000000000002,1.4400000000000002,1.4400000000000002,1.4400000000000002,1.4400000000000002,1.4400000000000002,1.4400000000000002,1.4400000000000002,1.4400000000000002,1.4400000000000002,1.4400000000000002,1.4400000000000002,1.4400000000000002,1.4400000000000002,1.4400000000000002,1.4400000000000002,1.4400000000000002,1.4400000000000002,1.4400000000000002,1.4400000000000002,1.4400000000000002,1.4400000000000002,1.4400000000000002,1.4400000000000002,1.4400000000000002,1.4400000000000002,1.4400000000000002,1.4400000000000002,1.4400000000000002,1.4400000000000002,1.4400000000000002,1.4400000000000002,1.4400000000000002,1.4400000000000002,0.3,0.3,0.3,1.4400000000000002,1.4400000000000002,1.4400000000000002,1.4400000000000002,1.4400000000000002,1.4400000000000002,1.4400000000000002,1.4400000000000002,1.4400000000000002,1.4400000000000002,1.4400000000000002,1.4400000000000002,1.4400000000000002,1.4400000000000002,1.4400000000000002,1.4400000000000002,1.4400000000000002,1.4400000000000002,1.4400000000000002,1.4400000000000002,1.4400000000000002,1.4400000000000002,1.4400000000000002,1.4400000000000002,1.4400000000000002,1.4400000000000002,1.4400000000000002,1.4400000000000002,1.4400000000000002,1.4400000000000002,1.4400000000000002,1.4400000000000002,1.4400000000000002,1.4400000000000002,1.4400000000000002,1.4400000000000002,1.4400000000000002,1.4400000000000002,1.4400000000000002,1.4400000000000002,1.4400000000000002,1.4400000000000002,1.4400000000000002,1.4400000000000002,1.4400000000000002,1.4400000000000002,1.4400000000000002,1.4400000000000002,1.4400000000000002,1.4400000000000002,1.4400000000000002,1.4400000000000002,1.4400000000000002,1.4400000000000002,1.4400000000000002,1.4400000000000002,1.4400000000000002,1.4400000000000002,1.4400000000000002,1.4400000000000002,1.4400000000000002,1.4400000000000002,1.4400000000000002
1.4400000000000002,1.4400000000000002,1.4400000000000002,1.4400000000000002,1.4400000000000002,1.4400000000000002,1.4400000000000002,1.4400000000000002,1.4400000000000002,1.4400000000000002,1.4400000000000002,1.4400000000000002,1.4400000000000002,1.4400000000000002,1.4400000000000002,1.4400000000000002,1.4400000000000002,1.4400000000000002,1.4400000000000002,1.4400000000000002,1.4400000000000002,1.4400000000000002,1.4400000000000002,1.4400000000000002,1.4400000000000002,1.4400000000000002,1.4400000000000002,1.4400000000000002,1.4400000000000002,1.4400000000000002,1.4400000000000002,1.4400000000000002,1.4400000000000002,1.4400000000000002,1.4400000000000002,1.4400000000000002,1.4400000000000002,1.4400000000000002,1.4400000000000002,1.4400000000000002,1.4400000000000002,1.4400000000000002,1.4400000000000002,1.4400000000000002,1.4400000000000002,1.4400000000000002,1.4400000000000002,1.4400000000000002,1.4400000000000002,1.4400000000000002,1.4400000000000002,1.4400000000000002,1.4400000000000002,1.4400000000000002,1.4400000000000002,1.4400000000000002,1.4400000000000002,1.4400000000000002,1.4400000000000002,1.4400000000000002,1.4400000000000002,1.4400000000000002,1.4400000000000002,1.4400000000000002,1.4400000000000002,1.4400000000000002,1.4400000000000002,1.4400000000000002,1.4400000000000002,1.4400000000000002,1.4400000000000002,1.4400000000000002,1.4400000000000002,1.4400000000000002,1.4400000000000002,1.4400000000000002,1.4400000000000002,1.4400000000000002,1.4400000000000002,1.4400000000000002,1.4400000000000002,1.4400000000000002,1.4400000000000002,1.4400000000000002,1.4400000000000002,1.4400000000000002,1.4400000000000002,1.4400000000000002,1.4400000000000002,1.4400000000000002,1.4400000000000002,1.4400000000000002,1.4400000000000002,1.4400000000000002,1.4400000000000002,1.4400000000000002,1.4400000000000002,1.4400000000000002,1.4400000000000002,1.4400000000000002
1.4400000000000002,1.4400000000000002,1.4400000000000002,1.4400000000000002,1.4400000000000002,1.4400000000000002,1.4400000000000002,1.4400000000000002,1.4400000000000002,1.4400000000000002,1.4400000000000002,1.4400000000000002,1.4400000000000002,1.4400000000000002,1.4400000000000002,1.4400000000000002,1.4400000000000002,1.4400000000000002,1.4400000000000002,1.4400000000000002,1.4400000000000002,1.4400000000000002,1.4400000000000002,1.4400000000000002,1.4400000000000002,1.4400000000000002,1.4400000000000002,1.4400000000000002,1.4400000000000002,1.4400000000000002,1.4400000000000002,1.4400000000000002,1.4400000000000002,1.4400000000000002,1.4400000000000002,1.4400000000000002,1.4400000000000002,1.4400000000000002,1.4400000000000002,1.4400000000000002,1.4400000000000002,1.4400000000000002,1.4400000000000002,1.4400000000000002,1.4400000000000002,1.4400000000000002,1.4400000000000002,1.4400000000000002,1.4400000000000002,1.4400000000000002,1.4400000000000002,1.4400000000000002,1.4400000000000002,1.4400000000000002,1.4400000000000002,1.4400000000000002,1.4400000000000002,1.4400000000000002,1.4400000000000002,1.4400000000000002,1.4400000000000002,1.4400000000000002,1.4400000000000002,1.4400000000000002,1.4400000000000002,1.4400000000000002,1.4400000000000002,1.4400000000000002,1.4400000000000002,1.4400000000000002,1.4400000000000002,1.4400000000000002,1.4400000000000002,1.4400000000000002,1.4400000000000002,1.4400000000000002,1.4400000000000002,1.4400000000000002,1.4400000000000002,1.4400000000000002,1.4400000000000002,1.4400000000000002,1.4400000000000002,1.4400000000000002,1.4400000000000002,1.4400000000000002,1.4400000000000002,1.4400000000000002,1.4400000000000002,1.4400000000000002,1.4400000000000002,1.4400000000000002,1.4400000000000002,1.4400000000000002,1.4400000000000002,1.4400000000000002,1.4400000000000002,1.4400000000000002,1.4400000000000002,1.4400000000000002
1.4400000000000002,1.4400000000000002,1.4400000000000002,1.4400000000000002,1.4400000000000002,1.4400000000000002,1.4400000000000002,1.4400000000000002,1.4400000000000002,1.4400000000000002,1.4400000000000002,1.4400000000000002,1.4400000000000002,1.4400000000000002,1.4400000000000002,1.4400000000000002,1.4400000000000002,1.4400000000000002,1.4400000000000002,1.4400000000000002,1.4400000000000002,1.4400000000000002,1.4400000000000002,1.4400000000000002,1.4400000000000002,1.4400000000000002,1.4400000000000002,1.4400000000000002,1.4400000000000002,1.4400000000000002,1.4400000000000002,1.4400000000000002,1.4400000000000002,1.4400000000000002,1.4400000000000002,1.4400000000000002,1.4400000000000002,1.4400000000000002,1.4400000000000002,1.4400000000000002,1.4400000000000002,1.4400000000000002,1.4400000000000002,1.4400000000000002,1.4400000000000002,1.4400000000000002,1.4400000000000002,1.4400000000000002,1.4400000000000002,1.4400000000000002,1.4400000000000002,1.4400000000000002,1.4400000000000002,1.4400000000000002,1.4400000000000002,1.4400000000000002,1.4400000000000002,1.4400000000000002,1.4400000000000002,1.4400000000000002,1.4400000000000002,1.4400000000000002,1.4400000000000002,1.4400000000000002,1.4400000000000002,1.4400000000000002,1.4400000000000002,1.4400000000000002,1.4400000000000002,1.4400000000000002,1.4400000000000002,1.4400000000000002,1.4400000000000002,1.4400000000000002,1.4400000000000002,1.4400000000000002,1.4400000000000002,1.4400000000000002,1.4400000000000002,1.4400000000000002,1.4400000000000002,1.4400000000000002,1.4400000000000002,1.4400000000000002,1.4400000000000002,1.4400000000000002,1.4400000000000002,1.4400000000000002,1.4400000000000002,1.4400000000000002,1.4400000000000002,1.4400000000000002,0.3,1.4400000000000002,1.4400000000000002,1.4400000000000002,1.4400000000000002,1.4400000000000002,1.4400000000000002,1.4400000000000002
1.4400000000000002,1.4400000000000002,1.4400000000000002,1.4400000000000002,1.4400000000000002,1.4400000000000002,1.4400000000000002,1.4400000000000002,1.4400000000000002,1.4400000000000002,1.4400000000000002,1.4400000000000002,1.4400000000000002,1.4400000000000002,1.4400000000000002,1.4400000000000002,1.4400000000000002,1.4400000000000002,1.4400000000000002,1.4400000000000002,1.4400000000000002,1.4400000000000002,1.4400000000000002,1.3333333333333333,1.4400000000000002,1.4400000000000002,1.4400000000000002,1.4400000000000002,1.4400000000000002,1.4400000000000002,1.4400000000000002,1.4400000000000002,1.4400000000000002,1.4400000000000002,1.4400000000000002,1.4400000000000002,1.4400000000000002,1.4400000000000002,1.4400000000000002,1.4400000000000002,1.4400000000000002,1.4400000000000002,1.4400000000000002,1.4400000000000002,1.4400000000000002,1.4400000000000002,1.4400000000000002,1.4400000000000002,1.4400000000000002,1.4400000000000002,1.4400000000000002,1.4400000000000002,1.4400000000000002,1.4400000000000002,1.4400000000000002,1.4400000000000002,1.4400000000000002,1.4400000000000002,1.4400000000000002,1.4400000000000002,1.4400000000000002,1.4400000000000002,1.4400000000000002,1.4400000000000002,1.4400000000000002,1.4400000000000002,1.4400000000000002,1.4400000000000002,1.4400000000000002,1.4400000000000002,1.4400000000000002,1.4400000000000002,1.4400000000000002,1.4400000000000002,1.4400000000000002,1.4400000000000002,1.4400000000000002,1.4400000000000002,1.4400000000000002,1.4400000000000002,1.4400000000000002,1.4400000000000002,1.4400000000000002,1.4400000000000002,1.4400000000000002,1.4400000000000002,1.4400000000000002,1.4400000000000002,1.4400000000000002,1.4400000000000002,0.3,0.3,0.3,0.3,0.3,1.4400000000000002,1.4400000000000002,1.4400000000000002,1.4400000000000002,1.4400000000000002
1.4400000000000002,1.4400000000000002,1.4400000000000002,1.4400000000000002,1.4400000000000002,1.4400000000000002,1.4400000000000002,1.4400000000000002,1.4400000000000002,1.4400000000000002,1.4400000000000002,1.4400000000000002,1.4400000000000002,1.4400000000000002,1.4400000000000002,1.4400000000000002,1.4400000000000002,1.4400000000000002,1.4400000000000002,1.4400000000000002,1.4400000000000002,1.4400000000000002,1.4400000000000002,1.4400000000000002,1.4400000000000002,1.4400000000000002,1.4400000000000002,1.4400000000000002,1.4400000000000002,1.4400000000000002,1.4400000000000002,1.4400000000000002,1.4400000000000002,1.4400000000000002,1.4400000000000002,1.4400000000000002,1.4400000000000002,1.4400000000000002,1.4400000000000002,1.4400000000000002,1.4400000000000002,1.4400000000000002,1.4400000000000002,1.4400000000000002,1.4400000000000002,1.4400000000000002,1.4400000000000002,1.4400000000000002,1.4400000000000002,1.4400000000000002,1.4400000000000002,1.4400000000000002,1.4400000000000002,1.4400000000000002,1.4400000000000002,1.4400000000000002,1.4400000000000002,1.4400000000000002,1.4400000000000002,1.4400000000000002,1.4400000000000002,1.4400000000000002,1.4400000000000002,1.4400000000000002,1.4400000000000002,1.4400000000000002,1.4400000000000002,1.4400000000000002,1.4400000000000002,1.4400000000000002,1.4400000000000002,1.4400000000000002,1.4400000000000002,1.4400000000000002,1.4400000000000002,1.4400000000000002,1.4400000000000002,1.4400000000000002,1.4400000000000002,1.4400000000000002,1.4400000000000002,1.4400000000000002,1.4400000000000002,1.4400000000000002,1.4400000000000002,1.4400000000000002,1.4400000000000002,1.4400000000000002,1.4400000000000002,1.4400000000000002,0.3,0.3,1.4400000000000002,0.3,0.3,1.4400000000000002,1.4400000000000002,1.4400000000000002,1.4400000000000002,1.4400000000000002
1.4400000000000002,1.4400000000000002,1.4400000000000002,1.4400000000000002,1.4400000000000002,1.4400000000000002,1.4400000000000002,1.4400000000000002,1.4400000000000002,1.4400000000000002,1.4400000000000002,1.4400000000000002,1.4400000000000002,1.4400000000000002,1.4400000000000002,1.4400000000000002,1.4400000000000002,1.4400000000000002,1.4400000000000002,1.4400000000000002,1.4400000000000002,1.4400000000000002,1.4400000000000002,1.4400000000000002,1.4400000000000002,1.4400000000000002,1.4400000000000002,1.4400000000000002,1.4400000000000002,1.4400000000000002,1.4400000000000002,1.4400000000000002,1.4400000000000002,1.4400000000000002,1.4400000000000002,1.4400000000000002,1.4400000000000002,1.4400000000000002,1.4400000000000002,1.4400000000000002,1.4400000000000002,1.4400000000000002,1.4400000000000002,1.4400000000000002,1.4400000000000002,1.4400000000000002,1.4400000000000002,1.4400000000000002,1.4400000000000002,1.4400000000000002,1.4400000000000002,1.4400000000000002,1.4400000000000002,1.4400000000000002,1.4400000000000002,1.4400000000000002,1.4400000000000002,1.4400000000000002,1.4400000000000002,1.4400000000000002,1.4400000000000002,1.4400000000000002,1.4400000000000002,1.4400000000000002,1.4400000000000002,1.4400000000000002,1.4400000000000002,1.4400000000000002,1.4400000000000002,1.4400000000000002,1.4400000000000002,1.4400000000000002,1.4400000000000002,1.4400000000000002,1.4400000000000002,1.4400000000000002,1.4400000000000002,1.4400000000000002,1.4400000000000002,1.4400000000000002,1.4400000000000002,1.4400000000000002,1.4400000000000002,0.3,1.4400000000000002,1.4400000000000002,1.4400000000000002,1.4400000000000002,1.4400000000000002,1.4400000000000002,0.3,0.3,1.4400000000000002,0.3,0.3,1.4400000000000002,1.4400000000000002,1.4400000000000002,1.4400000000000002,1.4400000000000002
1.4400000000000002,1.4400000000000002,1.4400000000000002,1.4400000000000002,1.4400000000000002,1.4400000000000002,1.4400000000000002,1.4400000000000002,1.4400000000000002,1.4400000000000002,1.4400000000000002,1.4400000000000002,1.4400000000000002,1.4400000000000002,1.4400000000000002,1.4400000000000002,1.4400000000000002,1.4400000000000002,1.4400000000000002,1.4400000000000002,1.4400000000000002,1.4400000000000002,1.4400000000000002,1.4400000000000002,1.4400000000000002,1.4400000000000002,1.4400000000000002,1.4400000000000002,1.4400000000000002,1.4400000000000002,1.4400000000000002,1.4400000000000002,1.4400000000000002,1.4400000000000002,1.4400000000000002,1.4400000000000002,1.4400000000000002,1.4400000000000002,1.4400000000000002,1.4400000000000002,1.4400000000000002,1.4400000000000002,1.4400000000000002,1.4400000000000002,1.4400000000000002,1.4400000000000002,1.3333333333333333,1.3333333333333333,1.3333333333333333,1.3333333333333333,1.4400000000000002,1.4400000000000002,1.4400000000000002,1.4400000000000002,1.4400000000000002,1.4400000000000002,1.4400000000000002,1.4400000000000002,1.4400000000000002,1.4400000000000002,1.4400000000000002,1.4400000000000002,1.4400000000000002,1.4400000000000002,1.4400000000000002,1.4400000000000002,1.4400000000000002,1.4400000000000002,1.4400000000000002,1.4400000000000002,1.4400000000000002,1.4400000000000002,1.4400000000000002,1.4400000000000002,1.4400000000000002,1.4400000000000002,1.4400000000000002,1.4400000000000002,1.4400000000000002,1.4400000000000002,1.4400000000000002,1.4400000000000002,0.3,0.3,0.3,1.4400000000000002,1.4400000000000002,0.3,0.3,0.3,1.4400000000000002,1.4400000000000002,1.4400000000000002,1.4400000000000002,1.4400000000000002,1.4400000000000002,1.4400000000000002,1.4400000000000002,1.4400000000000002,1.4400000000000002
1.4400000000000002,1.4400000000000002,1.4400000000000002,1.4400000000000002,1.4400000000000002,1.4400000000000002,1.4400000000000002,1.4400000000000002,1.4400000000000002,1.4400000000000002,1.4400000000000002,1.4400000000000002,1.4400000000000002,1.4400000000000002,1.4400000000000002,1.4400000000000002,1.4400000000000002,1.4400000000000002,1.4400000000000002,1.4400000000000002,1.4400000000000002,1.4400000000000002,1.4400000000000002,1.4400000000000002,1.4400000000000002,1.4400000000000002,1.4400000000000002,1.4400000000000002,1.4400000000000002,1.4400000000000002,1.4400000000000002,1.4400000000000002,1.4400000000000002,1.4400000000000002,1.4400000000000002,1.4400000000000002,1.4400000000000002,1.4400000000000002,1.4400000000000002,1.4400000000000002,1.4400000000000002,1.4400000000000002,1.4400000000000002,1.4400000000000002,1.4400000000000002,1.4400000000000002,1.3333333333333333,1.3333333333333333,1.3333333333333333,1.3333333333333333,1.4400000000000002,1.4400000000000002,1.4400000000000002,1.4400000000000002,1.4400000000000002,1.4400000000000002,1.4400000000000002,1.4400000000000002,1.4400000000000002,1.4400000000000002,1.4400000000000002,1.4400000000000002,1.4400000000000002,1.4400000000000002,1.4400000000000002,1.4400000000000002,1.4400000000000002,1.4400000000000002,1.4400000000000002,1.4400000000000002,1.4400000000000002,1.4400000000000002,1.4400000000000002,1.4400000000000002,1.4400000000000002,1.4400000000000002,1.4400000000000002,1.4400000000000002,1.4400000000000002,1.4400000000000002,1.4400000000000002,1.4400000000000002,1.4400000000000002,0.3,0.3,1.4400000000000002,1.4400000000000002,0.3,0.3,0.3,1.4400000000000002,1.4400000000000002,1.4400000000000002,1.4400000000000002,1.4400000000000002,1.4400000000000002,1.4400000000000002,1.4400000000000002,1.4400000000000002,1.4400000000000002
1.4400000000000002,1.4400000000000002,1.4400000000000002,1.4400000000000002,1.4400000000000002,1.4400000000000002,1.4400000000000002,1.4400000000000002,1.4400000000000002,1.4400000000000002,1.4400000000000002,1.4400000000000002,1.4400000000000002,1.4400000000000002,1.4400000000000002,1.4400000000000002,1.4400000000000002,1.4400000000000002,1.4400000000000002,1.4400000000000002,1.4400000000000002,1.4400000000000002,1.4400000000000002,1.4400000000000002,1.4400000000000002,1.4400000000000002,1.4400000000000002,1.4400000000000002,1.4400000000000002,1.4400000000000002,1.4400000000000002,1.4400000000000002,1.4400000000000002,1.4400000000000002,1.4400000000000002,1.4400000000000002,1.4400000000000002,1.4400000000000002,1.4400000000000002,1.4400000000000002,1.4400000000000002,1.4400000000000002,1.4400000000000002,1.4400000000000002,1.4400000000000002,1.4400000000000002,1.4400000000000002,1.4400000000000002,0.3,1.3333333333333333,0.3,1.4400000000000002,1.4400000000000002,1.4400000000000002,1.4400000000000002,1.4400000000000002,1.4400000000000002,1.4400000000000002,1.4400000000000002,1.4400000000000002,1.4400000000000002,1.4400000000000002,1.4400000000000002,1.4400000000000002,1.4400000000000002,1.4400000000000002,1.4400000000000002,1.4400000000000002,1.4400000000000002,1.4400000000000002,1.4400000000000002,1.4400000000000002,1.4400000000000002,1.4400000000000002,1.4400000000000002,1.4400000000000002,1.4400000000000002,1.4400000000000002,1.4400000000000002,1.4400000000000002,1.4400000000000002,1.4400000000000002,0.3,0.3,1.4400000000000002,1.4400000000000002,1.4400000000000002,0.3,0.3,0.3,1.4400000000000002,1.4400000000000002,1.4400000000000002,1.4400000000000002,1.4400000000000002,1.4400000000000002,1.4400000000000002,1.4400000000000002,1.4400000000000002,1.4400000000000002
1.4400000000000002,1.4400000000000002,1.4400000000000002,1.4400000000000002,1.4400000000000002,1.4400000000000002,1.4400000000000002,1.4400000000000002,1.4400000000000002,1.4400000000000002,1.4400000000000002,1.4400000000000002,1.4400000000000002,1.4400000000000002,1.4400000000000002,1.4400000000000002,1.4400000000000002,1.4400000000000002,1.4400000000000002,1.4400000000000002,1.4400000000000002,1.4400000000000002,1.4400000000000002,1.4400000000000002,1.4400000000000002,1.4400000000000002,1.4400000000000002,1.4400000000000002,1.4400000000000002,1.4400000000000002,1.4400000000000002,1.4400000000000002,1.4400000000000002,1.4400000000000002,1.4400000000000002,1.4400000000000002,1.4400000000000002,1.4400000000000002,1.4400000000000002,1.4400000000000002,1.4400000000000002,1.4400000000000002,1.4400000000000002,1.4400000000000002,1.4400000000000002,1.4400000000000002,1.4400000000000002,1.4400000000000002,1.4400000000000002,0.3,1.4400000000000002,1.4400000000000002,1.4400000000000002,1.4400000000000002,1.4400000000000002,1.4400000000000002,1.4400000000000002,1.4400000000000002,1.4400000000000002,1.4400000000000002,1.4400000000000002,1.4400000000000002,1.4400000000000002,1.4400000000000002,1.4400000000000002,1.4400000000000002,1.4400000000000002,1.4400000000000002,1.4400000000000002,1.4400000000000002,1.4400000000000002,1.4400000000000002,1.4400000000000002,1.4400000000000002,1.4400000000000002,1.4400000000000002,1.4400000000000002,1.4400000000000002,1.4400000000000002,1.4400000000000002,1.4400000000000002,1.4400000000000002,0.3,0.3,1.4400000000000002,1.4400000000000002,1.4400000000000002,1.4400000000000002,1.4400000000000002,1.4400000000000002,1.4400000000000002,1.4400000000000002,1.4400000000000002,1.4400000000000002,1.4400000000000002,1.4400000000000002,1.4400000000000002,1.4400000000000002,1.4400000000000002,1.4400000000000002
1.4400000000000002,1.4400000000000002,1.4400000000000002,1.4400000000000002,1.4400000000000002,1.4400000000000002,1.4400000000000002,1.4400000000000002,1.4400000000000002,1.4400000000000002,1.4400000000000002,1.4400000000000002,1.4400000000000002,1.4400000000000002,1.4400000000000002,1.4400000000000002,1.4400000000000002,1.4400000000000002,1.4400000000000002,1.4400000000000002,1.4400000000000002,1.4400000000000002,1.4400000000000002,1.4400000000000002,1.4400000000000002,1.4400000000000002,1.4400000000000002,1.4400000000000002,1.4400000000000002,1.4400000000000002,1.4400000000000002,1.4400000000000002,1.4400000000000002,1.4400000000000002,1.4400000000000002,1.4400000000000002,1.4400000000000002,1.4400000000000002,1.4400000000000002,1.4400000000000002,1.4400000000000002,1.4400000000000002,1.4400000000000002,1.4400000000000002,1.4400000000000002,1.4400000000000002,1.4400000000000002,1.4400000000000002,1.4400000000000002,1.4400000000000002,1.4400000000000002,1.4400000000000002,1.4400000000000002,1.4400000000000002,1.4400000000000002,1.4400000000000002,1.4400000000000002,1.4400000000000002,1.4400000000000002,1.4400000000000002,1.4400000000000002,1.4400000000000002,1.4400000000000002,1.4400000000000002,1.4400000000000002,1.4400000000000002,1.4400000000000002,1.4400000000000002,1.4400000000000002,1.4400000000000002,1.4400000000000002,1.4400000000000002,1.4400000000000002,1.4400000000000002,1.4400000000000002,1.4400000000000002,1.4400000000000002,1.4400000000000002,1.4400000000000002,1.4400000000000002,1.4400000000000002,1.4400000000000002,0.3,0.3,1.4400000000000002,1.4400000000000002,1.4400000000000002,1.4400000000000002,1.4400000000000002,1.4400000000000002,1.4400000000000002,1.4400000000000002,1.4400000000000002,1.4400000000000002,1.4400000000000002,1.4400000000000002,1.4400000000000002,1.4400000000000002,1.4400000000000002,1.4400000000000002
1.4400000000000002,1.4400000000000002,1.4400000000000002,1.4400000000000002,1.4400000000000002,1.4400000000000002,1.4400000000000002,1.4400000000000002,1.4400000000000002,1.4400000000000002,1.4400000000000002,1.4400000000000002,1.4400000000000002,1.4400000000000002,1.4400000000000002,1.4400000000000002,1.4400000000000002,1.4400000000000002,1.4400000000000002,1.4400000000000002,1.4400000000000002,1.4400000000000002,1.4400000000000002,1.4400000000000002,1.4400000000000002,1.4400000000000002,1.4400000000000002,1.4400000000000002,1.4400000000000002,1.4400000000000002,1.4400000000000002,1.4400000000000002,1.4400000000000002,1.4400000000000002,1.4400000000000002,1.4400000000000002,1.4400000000000002,1.4400000000000002,1.4400000000000002,1.4400000000000002,1.4400000000000002,1.4400000000000002,1.4400000000000002,1.4400000000000002,1.4400000000000002,1.4400000000000002,1.4400000000000002,1.4400000000000002,1.4400000000000002,1.4400000000000002,1.4400000000000002,1.4400000000000002,1.4400000000000002,1.4400000000000002,1.4400000000000002,1.4400000000000002,1.4400000000000002,1.4400000000000002,1.4400000000000002,1.4400000000000002,1.4400000000000002,1.4400000000000002,1.4400000000000002,1.4400000000000002,1.4400000000000002,1.4400000000000002,1.4400000000000002,1.4400000000000002,1.4400000000000002,1.4400000000000002,1.4400000000000002,1.4400000000000002,1.4400000000000002,1.4400000000000002,1.4400000000000002,1.4400000000000002,1.4400000000000002,1.4400000000000002,1.4400000000000002,1.4400000000000002,1.4400000000000002,1.4400000000000002,0.3,0.3,0.3,1.4400000000000002,1.4400000000000002,1.4400000000000002,1.4400000000000002,1.4400000000000002,1.4400000000000002,1.4400000000000002,1.4400000000000002,1.4400000000000002,1.4400000000000002,1.4400000000000002,1.4400000000000002,1.4400000000000002,1.4400000000000002,1.4400000000000002
1.3333333333333333,1.4400000000000002,1.4400000000000002,1.4400000000000002,1.4400000000000002,1.4400000000000002,1.4400000000000002,1.4400000000000002,1.4400000000000002,1.4400000000000002,1.4400000000000002,1.4400000000000002,1.4400000000000002,1.4400000000000002,1.4400000000000002,1.4400000000000002,1.4400000000000002,1.4400000000000002,1.4400000000000002,1.4400000000000002,1.4400000000000002,1.4400000000000002,1.4400000000000002,1.4400000000000002,1.4400000000000002,1.4400000000000002,1.4400000000000002,1.4400000000000002,1.4400000000000002,1.4400000000000002,1.4400000000000002,1.4400000000000002,1.4400000000000002,1.4400000000000002,1.4400000000000002,1.4400000000000002,1.4400000000000002,1.4400000000000002,1.4400000000000002,1.4400000000000002,1.4400000000000002,1.4400000000000002,1.4400000000000002,1.4400000000000002,1.4400000000000002,1.4400000000000002,1.4400000000000002,1.4400000000000002,1.4400000000000002,1.4400000000000002,1.4400000000000002,1.4400000000000002,1.4400000000000002,1.4400000000000002,1.4400000000000002,1.4400000000000002,1.4400000000000002,1.4400000000000002,1.4400000000000002,1.4400000000000002,1.4400000000000002,1.4400000000000002,1.4400000000000002,1.4400000000000002,1.4400000000000002,1.4400000000000002,1.4400000000000002,1.4400000000000002,1.4400000000000002,1.4400000000000002,1.4400000000000002,1.4400000000000002,1.4400000000000002,1.4400000000000002,1.4400000000000002,1.4400000000000002,1.4400000000000002,1.4400000000000002,1.4400000000000002,1.4400000000000002,1.4400000000000002,1.4400000000000002,1.4400000000000002,1.4400000000000002,1.4400000000000002,1.4400000000000002,1.4400000000000002,1.4400000000000002,1.4400000000000002,1.4400000000000002,1.4400000000000002,1.4400000000000002,1.4400000000000002,1.4400000000000002,1.4400000000000002,1.4400000000000002,1.4400000000000002,1.4400000000000002,1.4400000000000002,1.4400000000000002
1.3333333333333333,1.4400000000000002,1.4400000000000002,1.4400000000000002,1.4400000000000002,1.4400000000000002,1.4400000000000002,1.4400000000000002,1.4400000000000002,1.4400000000000002,1.4400000000000002,1.4400000000000002,1.4400000000000002,1.4400000000000002,1.4400000000000002,1.4400000000000002,1.4400000000000002,1.4400000000000002,1.4400000000000002,1.4400000000000002,1.4400000000000002,1.4400000000000002,1.4400000000000002,1.4400000000000002,1.4400000000000002,1.4400000000000002,1.4400000000000002,1.4400000000000002,1.4400000000000002,1.4400000000000002,1.4400000000000002,1.4400000000000002,1.4400000000000002,1.4400000000000002,1.4400000000000002,1.4400000000000002,1.4400000000000002,1.4400000000000002,1.4400000000000002,1.4400000000000002,1.4400000000000002,1.4400000000000002,1.4400000000000002,1.4400000000000002,1.4400000000000002,1.4400000000000002,1.4400000000000002,1.4400000000000002,1.4400000000000002,1.4400000000000002,1.4400000000000002,1.4400000000000002,1.4400000000000002,1.4400000000000002,1.4400000000000002,1.4400000000000002,1.4400000000000002,1.4400000000000002,1.4400000000000002,1.4400000000000002,1.4400000000000002,1.4400000000000002,1.4400000000000002,1.4400000000000002,1.4400000000000002,1.4400000000000002,1.4400000000000002,1.4400000000000002,1.4400000000000002,1.4400000000000002,1.4400000000000002,1.4400000000000002,1.4400000000000002,1.4400000000000002,1.4400000000000002,1.4400000000000002,1.4400000000000002,1.4400000000000002,1.4400000000000002,1.4400000000000002,1.4400000000000002,1.4400000000000002,1.4400000000000002,1.4400000000000002,1.4400000000000002,1.4400000000000002,1.4400000000000002,1.4400000000000002,1.4400000000000002,1.4400000000000002,1.4400000000000002,1.4400000000000002,1.4400000000000002,1.4400000000000002,1.4400000000000002,1.4400000000000002,1.4400000000000002,1.4400000000000002,1.4400000000000002,1.4400000000000002
1.4400000000000002,1.4400000000000002,1.4400000000000002,1.4400000000000002,1.4400000000000002,1.4400000000000002,1.4400000000000002,1.4400000000000002,1.4400000000000002,1.4400000000000002,1.4400000000000002,1.4400000000000002,1.4400000000000002,1.4400000000000002,1.4400000000000002,1.4400000000000002,1.4400000000000002,1.4400000000000002,1.4400000000000002,1.4400000000000002,1.4400000000000002,1.4400000000000002,1.4400000000000002,1.4400000000000002,1.4400000000000002,1.4400000000000002,1.4400000000000002,1.4400000000000002,1.4400000000000002,1.4400000000000002,1.4400000000000002,1.4400000000000002,1.4400000000000002,1.4400000000000002,1.4400000000000002,1.4400000000000002,1.4400000000000002,1.4400000000000002,1.4400000000000002,1.4400000000000002,1.4400000000000002,1.4400000000000002,1.4400000000000002,1.4400000000000002,1.4400000000000002,1.4400000000000002,1.4400000000000002,1.4400000000000002,1.4400000000000002,1.4400000000000002,1.4400000000000002,1.4400000000000002,1.4400000000000002,1.4400000000000002,1.4400000000000002,1.4400000000000002,1.4400000000000002,1.4400000000000002,1.4400000000000002,1.4400000000000002,1.4400000000000002,1.4400000000000002,1.4400000000000002,1.4400000000000002,1.4400000000000002,1.4400000000000002,1.4400000000000002,1.4400000000000002,1.4400000000000002,1.4400000000000002,1.4400000000000002,1.4400000000000002,1.4400000000000002,1.4400000000000002,1.4400000000000002,1.4400000000000002,1.4400000000000002,1.4400000000000002,1.4400000000000002,1.4400000000000002,1.4400000000000002,1.4400000000000002,1.4400000000000002,1.4400000000000002,1.4400000000000002,1.4400000000000002,1.4400000000000002,1.4400000000000002,1.4400000000000002,1.4400000000000002,1.4400000000000002,1.4400000000000002,1.4400000000000002,1.4400000000000002,1.4400000000000002,1.4400000000000002,1.4400000000000002,1.4400000000000002,1.4400000000000002,1.4400000000000002
1.4400000000000002,1.4400000000000002,1.4400000000000002,1.4400000000000002,1.4400000000000002,1.4400000000000002,1.4400000000000002,1.4400000000000002,1.4400000000000002,1.4400000000000002,1.4400000000000002,1.4400000000000002,1.4400000000000002,1.4400000000000002,1.4400000000000002,1.4400000000000002,1.4400000000000002,1.4400000000000002,1.4400000000000002,1.4400000000000002,1.4400000000000002,1.4400000000000002,1.4400000000000002,1.4400000000000002,1.4400000000000002,1.4400000000000002,1.4400000000000002,1.4400000000000002,1.4400000000000002,1.4400000000000002,1.4400000000000002,1.4400000000000002,1.4400000000000002,1.4400000000000002,1.4400000000000002,1.4400000000000002,1.4400000000000002,1.4400000000000002,1.4400000000000002,1.4400000000000002,1.4400000000000002,1.4400000000000002,1.4400000000000002,1.4400000000000002,1.4400000000000002,1.4400000000000002,1.4400000000000002,1.4400000000000002,1.4400000000000002,1.4400000000000002,1.4400000000000002,1.4400000000000002,1.4400000000000002,1.4400000000000002,1.4400000000000002,1.4400000000000002,1.4400000000000002,1.4400000000000002,1.4400000000000002,1.4400000000000002,1.4400000000000002,1.4400000000000002,1.4400000000000002,1.4400000000000002,1.4400000000000002,1.4400000000000002,1.4400000000000002,1.4400000000000002,1.4400000000000002,1.4400000000000002,1.4400000000000002,1.4400000000000002,1.4400000000000002,1.4400000000000002,1.4400000000000002,1.4400000000000002,1.4400000000000002,1.4400000000000002,1.4400000000000002,1.4400000000000002,1.4400000000000002,1.4400000000000002,1.4400000000000002,1.4400000000000002,1.4400000000000002,1.4400000000000002,1.4400000000000002,1.4400000000000002,1.4400000000000002,1.4400000000000002,1.4400000000000002,1.4400000000000002,1.4400000000000002,1.4400000000000002,1.4400000000000002,1.4400000000000002,1.4400000000000002,1.4400000000000002,1.4400000000000002,1.4400000000000002
1.4400000000000002,1.4400000000000002,1.4400000000000002,1.4400000000000002,1.4400000000000002,1.4400000000000002,1.4400000000000002,1.4400000000000002,1.4400000000000002,1.4400000000000002,1.4400000000000002,1.4400000000000002,1.4400000000000002,1.4400000000000002,1.4400000000000002,1.4400000000000002,1.4400000000000002,1.4400000000000002,1.4400000000000002,1.4400000000000002,1.4400000000000002,1.4400000000000002,1.4400000000000002,1.4400000000000002,1.4400000000000002,1.4400000000000002,1.4400000000000002,1.4400000000000002,1.4400000000000002,1.4400000000000002,1.4400000000000002,1.4400000000000002,1.4400000000000002,1.4400000000000002,1.4400000000000002,1.4400000000000002,1.4400000000000002,1.4400000000000002,1.4400000000000002,1.4400000000000002,1.4400000000000002,1.4400000000000002,1.4400000000000002,1.4400000000000002,1.4400000000000002,1.4400000000000002,1.4400000000000002,1.4400000000000002,1.4400000000000002,1.4400000000000002,1.4400000000000002,1.4400000000000002,1.4400000000000002,1.4400000000000002,1.4400000000000002,1.4400000000000002,1.4400000000000002,1.4400000000000002,1.4400000000000002,1.4400000000000002,1.4400000000000002,1.4400000000000002,1.4400000000000002,1.4400000000000002,1.4400000000000002,1.4400000000000002,1.4400000000000002,1.4400000000000002,1.4400000000000002,1.4400000000000002,1.4400000000000002,1.4400000000000002,1.4400000000000002,1.4400000000000002,1.4400000000000002,1.4400000000000002,1.4400000000000002,1.4400000000000002,1.4400000000000002,1.4400000000000002,1.4400000000000002,1.4400000000000002,1.4400000000000002,1.4400000000000002,1.4400000000000002,1.4400000000000002,1.4400000000000002,1.4400000000000002,1.4400000000000002,1.4400000000000002,1.4400000000000002,1.4400000000000002,1.4400000000000002,1.4400000000000002,1.4400000000000002,1.4400000000000002,1.4400000000000002,1.4400000000000002,1.4400000000000002,1.4400000000000002
1.4400000000000002,1.4400000000000002,1.4400000000000002,1.4400000000000002,1.4400000000000002,1.4400000000000002,1.4400000000000002,1.4400000000000002,1.4400000000000002,1.4400000000000002,1.4400000000000002,1.4400000000000002,1.4400000000000002,1.4400000000000002,1.4400000000000002,1.4400000000000002,1.4400000000000002,1.4400000000000002,1.4400000000000002,1.4400000000000002,1.4400000000000002,1.4400000000000002,1.4400000000000002,1.4400000000000002,1.4400000000000002,1.4400000000000002,1.4400000000000002,1.4400000000000002,1.4400000000000002,1.4400000000000002,1.4400000000000002,1.4400000000000002,1.4400000000000002,1.4400000000000002,1.4400000000000002,1.4400000000000002,1.4400000000000002,1.4400000000000002,1.4400000000000002,1.4400000000000002,1.4400000000000002,1.4400000000000002,1.4400000000000002,1.4400000000000002,1.4400000000000002,1.4400000000000002,1.4400000000000002,1.4400000000000002,1.4400000000000002,1.4400000000000002,1.4400000000000002,1.4400000000000002,1.4400000000000002,1.4400000000000002,1.4400000000000002,1.4400000000000002,1.4400000000000002,1.4400000000000002,1.4400000000000002,1.4400000000000002,1.4400000000000002,1.4400000000000002,1.4400000000000002,1.4400000000000002,1.4400000000000002,1.4400000000000002,1.4400000000000002,1.4400000000000002,1.4400000000000002,1.4400000000000002,1.4400000000000002,1.4400000000000002,1.4400000000000002,1.4400000000000002,1.4400000000000002,1.4400000000000002,1.4400000000000002,1.4400000000000002,1.4400000000000002,1.4400000000000002,1.4400000000000002,1.4400000000000002,1.4400000000000002,1.4400000000000002,1.4400000000000002,1.4400000000000002,1.4400000000000002,1.4400000000000002,1.4400000000000002,1.4400000000000002,1.4400000000000002,0.3,0.3,1.4400000000000002,1.4400000000000002,1.4400000000000002,1.4400000000000002,1.4400000000000002,1.4400000000000002,1.4400000000000002
1.4400000000000002,1.4400000000000002,1.4400000000000002,1.4400000000000002,1.4400000000000002,1.4400000000000002,1.4400000000000002,1.4400000000000002,1.4400000000000002,1.4400000000000002,1.4400000000000002,1.4400000000000002,1.4400000000000002,1.4400000000000002,1.4400000000000002,1.4400000000000002,1.4400000000000002,1.4400000000000002,1.4400000000000002,1.4400000000000002,1.4400000000000002,1.4400000000000002,1.4400000000000002,1.4400000000000002,1.4400000000000002,1.4400000000000002,1.4400000000000002,1.4400000000000002,1.4400000000000002,1.4400000000000002,1.4400000000000002,1.4400000000000002,1.4400000000000002,1.4400000000000002,1.4400000000000002,1.4400000000000002,1.4400000000000002,1.4400000000000002,1.4400000000000002,1.4400000000000002,1.4400000000000002,1.4400000000000002,1.4400000000000002,1.4400000000000002,1.4400000000000002,1.4400000000000002,1.4400000000000002,1.4400000000000002,1.4400000000000002,1.4400000000000002,1.4400000000000002,1.4400000000000002,1.4400000000000002,1.4400000000000002,1.4400000000000002,1.4400000000000002,1.4400000000000002,1.4400000000000002,1.4400000000000002,1.4400000000000002,1.4400000000000002,1.4400000000000002,1.4400000000000002,1.4400000000000002,1.4400000000000002,1.4400000000000002,1.4400000000000002,1.4400000000000002,1.4400000000000002,1.4400000000000002,1.4400000000000002,1.4400000000000002,1.4400000000000002,1.4400000000000002,1.4400000000000002,1.4400000000000002,1.4400000000000002,1.4400000000000002,1.4400000000000002,1.4400000000000002,1.4400000000000002,1.4400000000000002,1.4400000000000002,1.4400000000000002,1.4400000000000002,1.4400000000000002,1.4400000000000002,1.4400000000000002,1.4400000000000002,1.4400000000000002,0.3,0.3,0.3,0.3,0.3,0.3,0.3,0.3,1.4400000000000002,1.4400000000000002
1.4400000000000002,1.4400000000000002,1.4400000000000002,1.4400000000000002,1.4400000000000002,1.4400000000000002,1.4400000000000002,1.4400000000000002,1.4400000000000002,1.4400000000000002,1.4400000000000002,1.4400000000000002,1.4400000000000002,1.4400000000000002,1.4400000000000002,1.4400000000000002,1.4400000000000002,1.4400000000000002,1.4400000000000002,1.3333333333333333,1.4400000000000002,1.4400000000000002,1.4400000000000002,1.4400000000000002,1.4400000000000002,1.4400000000000002,1.4400000000000002,1.4400000000000002,1.4400000000000002,1.4400000000000002,1.4400000000000002,1.4400000000000002,1.4400000000000002,1.4400000000000002,1.4400000000000002,1.4400000000000002,1.4400000000000002,1.4400000000000002,1.4400000000000002,1.4400000000000002,1.4400000000000002,1.4400000000000002,1.4400000000000002,1.4400000000000002,1.4400000000000002,1.4400000000000002,1.4400000000000002,1.4400000000000002,1.4400000000000002,1.4400000000000002,1.4400000000000002,1.4400000000000002,1.4400000000000002,1.4400000000000002,1.4400000000000002,1.4400000000000002,1.4400000000000002,1.4400000000000002,1.4400000000000002,1.4400000000000002,1.4400000000000002,1.4400000000000002,1.4400000000000002,1.4400000000000002,1.4400000000000002,1.4400000000000002,1.4400000000000002,1.4400000000000002,1.4400000000000002,1.4400000000000002,1.4400000000000002,1.4400000000000002,1.4400000000000002,1.4400000000000002,1.4400000000000002,1.4400000000000002,1.4400000000000002,1.4400000000000002,1.4400000000000002,1.4400000000000002,1.4400000000000002,1.4400000000000002,1.4400000000000002,1.4400000000000002,1.4400000000000002,1.4400000000000002,1.4400000000000002,1.4400000000000002,1.4400000000000002,1.4400000000000002,0.3,0.3,0.3,0.3,0.3,0.3,0.3,1.4400000000000002,1.4400000000000002,1.4400000000000002
1.4400000000000002,1.4400000000000002,1.4400000000000002,1.4400000000000002,1.4400000000000002,1.4400000000000002,1.4400000000000002,1.4400000000000002,1.4400000000000002,1.4400000000000002,1.4400000000000002,1.4400000000000002,1.4400000000000002,1.4400000000000002,1.4400000000000002,1.4400000000000002,1.4400000000000002,1.4400000000000002,1.4400000000000002,1.4400000000000002,1.4400000000000002,1.4400000000000002,1.4400000000000002,1.4400000000000002,1.4400000000000002,1.4400000000000002,1.4400000000000002,1.4400000000000002,1.4400000000000002,1.4400000000000002,1.4400000000000002,1.4400000000000002,1.4400000000000002,1.4400000000000002,1.4400000000000002,1.4400000000000002,1.4400000000000002,1.4400000000000002,1.4400000000000002,1.4400000000000002,1.4400000000000002,1.4400000000000002,1.4400000000000002,1.4400000000000002,1.4400000000000002,1.4400000000000002,1.4400000000000002,1.4400000000000002,1.4400000000000002,1.4400000000000002,1.4400000000000002,1.4400000000000002,1.4400000000000002,1.4400000000000002,1.4400000000000002,1.4400000000000002,1.4400000000000002,1.4400000000000002,1.4400000000000002,1.4400000000000002,1.4400000000000002,1.4400000000000002,1.4400000000000002,1.4400000000000002,1.4400000000000002,1.4400000000000002,1.4400000000000002,1.4400000000000002,1.4400000000000002,1.4400000000000002,1.4400000000000002,1.4400000000000002,1.4400000000000002,1.4400000000000002,1.4400000000000002,1.4400000000000002,1.4400000000000002,1.4400000000000002,1.4400000000000002,1.4400000000000002,1.4400000000000002,1.4400000000000002,1.4400000000000002,1.4400000000000002,1.4400000000000002,1.4400000000000002,1.4400000000000002,1.4400000000000002,1.4400000000000002,1.4400000000000002,1.4400000000000002,1.4400000000000002,1.4400000000000002,0.3,0.3,0.3,0.3,0.3,1.4400000000000002,1.4400000000000002
1.4400000000000002,1.4400000000000002,1.4400000000000002,1.4400000000000002,1.4400000000000002,1.4400000000000002,1.4400000000000002,1.4400000000000002,1.4400000000000002,1.4400000000000002,1.4400000000000002,1.4400000000000002,1.4400000000000002,1.4400000000000002,1.4400000000000002,1.4400000000000002,1.4400000000000002,1.4400000000000002,1.4400000000000002,1.4400000000000002,1.4400000000000002,1.4400000000000002,1.4400000000000002,1.4400000000000002,1.4400000000000002,1.4400000000000002,1.4400000000000002,1.4400000000000002,1.4400000000000002,1.4400000000000002,1.4400000000000002,1.4400000000000002,1.4400000000000002,1.4400000000000002,1.4400000000000002,1.4400000000000002,1.4400000000000002,1.4400000000000002,1.4400000000000002,1.4400000000000002,1.4400000000000002,1.4400000000000002,1.4400000000000002,1.4400000000000002,1.4400000000000002,1.4400000000000002,1.4400000000000002,1.4400000000000002,1.4400000000000002,1.4400000000000002,1.4400000000000002,1.4400000000000002,1.4400000000000002,1.4400000000000002,1.4400000000000002,1.4400000000000002,1.4400000000000002,1.4400000000000002,1.4400000000000002,1.4400000000000002,1.4400000000000002,1.4400000000000002,1.4400000000000002,1.4400000000000002,1.4400000000000002,1.4400000000000002,1.4400000000000002,1.4400000000000002,1.4400000000000002,1.4400000000000002,1.4400000000000002,1.4400000000000002,1.4400000000000002,1.4400000000000002,1.4400000000000002,1.4400000000000002,1.4400000000000002,1.4400000000000002,1.4400000000000002,1.4400000000000002,1.4400000000000002,1.4400000000000002,1.4400000000000002,1.4400000000000002,1.4400000000000002,1.4400000000000002,1.4400000000000002,1.4400000000000002,1.4400000000000002,1.4400000000000002,1.4400000000000002,1.4400000000000002,1.4400000000000002,0.3,0.3,0.3,0.3,0.3,0.3,1.4400000000000002
1.4400000000000002,1.4400000000000002,1.4400000000000002,1.4400000000000002,1.4400000000000002,1.4400000000000002,1.4400000000000002,1.4400000000000002,1.4400000000000002,1.4400000000000002,1.4400000000000002,1.4400000000000002,1.4400000000000002,1.4400000000000002,1.4400000000000002,1.4400000000000002,1.4400000000000002,1.4400000000000002,1.4400000000000002,1.4400000000000002,1.4400000000000002,1.4400000000000002,1.4400000000000002,1.4400000000000002,1.4400000000000002,1.4400000000000002,1.4400000000000002,1.4400000000000002,1.4400000000000002,1.4400000000000002,1.4400000000000002,1.4400000000000002,1.4400000000000002,1.4400000000000002,1.4400000000000002,1.4400000000000002,1.4400000000000002,0.26666666666666666,1.4400000000000002,1.4400000000000002,1.4400000000000002,1.4400000000000002,1.4400000000000002,1.4400000000000002,1.4400000000000002,1.4400000000000002,1.4400000000000002,1.4400000000000002,1.4400000000000002,1.4400000000000002,1.4400000000000002,1.4400000000000002,1.4400000000000002,1.4400000000000002,1.4400000000000002,1.4400000000000002,1.4400000000000002,1.4400000000000002,1.4400000000000002,1.4400000000000002,1.4400000000000002,1.4400000000000002,1.4400000000000002,1.4400000000000002,1.4400000000000002,1.4400000000000002,1.4400000000000002,1.4400000000000002,1.4400000000000002,1.4400000000000002,1.4400000000000002,1.4400000000000002,1.4400000000000002,1.4400000000000002,1.4400000000000002,1.4400000000000002,1.4400000000000002,1.4400000000000002,1.4400000000000002,1.4400000000000002,1.4400000000000002,1.4400000000000002,1.4400000000000002,1.4400000000000002,1.4400000000000002,1.4400000000000002,1.4400000000000002,1.4400000000000002,1.4400000000000002,1.4400000000000002,1.4400000000000002,1.4400000000000002,1.4400000000000002,0.3,0.3,0.3,0.3,0.3,0.3,1.4400000000000002
1.4400000000000002,1.4400000000000002,1.4400000000000002,1.4400000000000002,1.4400000000000002,1.4400000000000002,1.4400000000000002,1.4400000000000002,1.4400000000000002,1.4400000000000002,1.4400000000000002,1.4400000000000002,1.4400000000000002,1.4400000000000002,1.4400000000000002,1.4400000000000002,1.4400000000000002,1.4400000000000002,1.4400000000000002,1.4400000000000002,1.4400000000000002,1.4400000000000002,1.4400000000000002,1.4400000000000002,1.4400000000000002,1.4400000000000002,1.4400000000000002,1.4400000000000002,1.4400000000000002,1.4400000000000002,1.4400000000000002,1.4400000000000002,1.4400000000000002,1.4400000000000002,1.4400000000000002,1.4400000000000002,1.4400000000000002,1.4400000000000002,1.4400000000000002,1.4400000000000002,1.4400000000000002,1.4400000000000002,1.4400000000000002,1.4400000000000002,1.4400000000000002,1.4400000000000002,1.4400000000000002,1.4400000000000002,1.4400000000000002,1.4400000000000002,1.4400000000000002,1.4400000000000002,1.4400000000000002,1.4400000000000002,1.4400000000000002,1.4400000000000002,1.4400000000000002,1.4400000000000002,1.4400000000000002,1.4400000000000002,1.4400000000000002,1.4400000000000002,1.4400000000000002,1.4400000000000002,1.4400000000000002,1.4400000000000002,1.4400000000000002,1.4400000000000002,1.4400000000000002,1.4400000000000002,1.4400000000000002,1.4400000000000002,1.4400000000000002,1.4400000000000002,1.4400000000000002,1.4400000000000002,1.4400000000000002,1.4400000000000002,1.4400000000000002,1.4400000000000002,1.4400000000000002,1.4400000000000002,1.4400000000000002,1.4400000000000002,1.4400000000000002,1.4400000000000002,1.4400000000000002,1.4400000000000002,1.4400000000000002,1.4400000000000002,1.4400000000000002,1.4400000000000002,1.4400000000000002,0.3,0.3,0.3,0.3,0.3,0.3,1.4400000000000002
1.4400000000000002,1.4400000000000002,1.4400000000000002,1.4400000000000002,1.4400000000000002,1.4400000000000002,1.4400000000000002,1.4400000000000002,1.4400000000000002,1.4400000000000002,1.4400000000000002,1.4400000000000002,1.4400000000000002,1.4400000000000002,1.4400000000000002,1.4400000000000002,1.4400000000000002,1.4400000000000002,1.4400000000000002,1.4400000000000002,1.4400000000000002,1.4400000000000002,1.4400000000000002,1.4400000000000002,1.4400000000000002,1.4400000000000002,1.4400000000000002,1.4400000000000002,1.4400000000000002,1.4400000000000002,1.4400000000000002,1.4400000000000002,1.4400000000000002,1.4400000000000002,1.4400000000000002,1.4400000000000002,1.4400000000000002,1.4400000000000002,1.4400000000000002,1.4400000000000002,1.4400000000000002,1.4400000000000002,1.4400000000000002,1.4400000000000002,1.4400000000000002,1.4400000000000002,1.4400000000000002,1.4400000000000002,1.4400000000000002,1.4400000000000002,1.4400000000000002,1.4400000000000002,1.4400000000000002,1.4400000000000002,1.4400000000000002,1.4400000000000002,1.4400000000000002,1.4400000000000002,1.4400000000000002,1.4400000000000002,1.4400000000000002,1.4400000000000002,1.4400000000000002,1.4400000000000002,1.4400000000000002,1.4400000000000002,1.4400000000000002,1.4400000000000002,1.4400000000000002,1.4400000000000002,1.4400000000000002,1.4400000000000002,1.4400000000000002,1.4400000000000002,1.4400000000000002,1.4400000000000002,1.4400000000000002,1.4400000000000002,1.4400000000000002,1.4400000000000002,1.4400000000000002,1.4400000000000002,1.4400000000000002,1.4400000000000002,1.4400000000000002,1.4400000000000002,1.4400000000000002,1.4400000000000002,1.4400000000000002,1.4400000000000002,1.4400000000000002,1.4400000000000002,1.4400000000000002,1.4400000000000002,1.4400000000000002,1.4400000000000002,0.3,0.3,0.3,0.3
1.4400000000000002,1.4400000000000002,1.4400000000000002,1.4400000000000002,1.4400000000000002,1.4400000000000002,1.4400000000000002,1.4400000000000002,1.4400000000000002,1.4400000000000002,1.4400000000000002,1.4400000000000002,1.4400000000000002,1.4400000000000002,1.4400000000000002,1.4400000000000002,1.4400000000000002,1.4400000000000002,1.4400000000000002,1.4400000000000002,1.4400000000000002,1.4400000000000002,1.4400000000000002,1.4400000000000002,1.4400000000000002,1.4400000000000002,1.4400000000000002,1.4400000000000002,1.4400000000000002,1.4400000000000002,1.4400000000000002,1.4400000000000002,1.4400000000000002,1.4400000000000002,1.4400000000000002,1.4400000000000002,1.4400000000000002,1.4400000000000002,1.4400000000000002,1.4400000000000002,1.4400000000000002,1.4400000000000002,1.4400000000000002,1.4400000000000002,1.4400000000000002,1.4400000000000002,1.4400000000000002,1.4400000000000002,1.4400000000000002,1.4400000000000002,1.4400000000000002,1.4400000000000002,1.4400000000000002,1.4400000000000002,1.4400000000000002,1.4400000000000002,1.4400000000000002,1.4400000000000002,1.4400000000000002,1.4400000000000002,1.4400000000000002,1.4400000000000002,1.4400000000000002,1.4400000000000002,1.4400000000000002,1.4400000000000002,1.4400000000000002,1.4400000000000002,1.4400000000000002,1.4400000000000002,1.4400000000000002,1.4400000000000002,1.4400000000000002,1.4400000000000002,1.4400000000000002,1.4400000000000002,1.4400000000000002,1.4400000000000002,1.4400000000000002,1.4400000000000002,1.4400000000000002,1.4400000000000002,1.4400000000000002,1.4400000000000002,1.4400000000000002,1.4400000000000002,1.4400000000000002,1.4400000000000002,1.4400000000000002,1.4400000000000002,1.4400000000000002,1.4400000000000002,1.4400000000000002,1.4400000000000002,1.4400000000000002,1.4400000000000002,0.3,0.3,0.3,0.3
1.4400000000000002,1.4400000000000002,1.4400000000000002,1.4400000000000002,1.4400000000000002,1.4400000000000002,1.4400000000000002,1.4400000000000002,1.4400000000000002,1.4400000000000002,1.4400000000000002,1.4400000000000002,1.4400000000000002,1.4400000000000002,1.4400000000000002,1.4400000000000002,1.4400000000000002,1.4400000000000002,1.4400000000000002,1.4400000000000002,1.4400000000000002,1.4400000000000002,1.4400000000000002,1.4400000000000002,1.4400000000000002,1.4400000000000002,1.4400000000000002,1.4400000000000002,1.4400000000000002,1.4400000000000002,1.4400000000000002,1.4400000000000002,1.4400000000000002,1.4400000000000002,1.4400000000000002,1.4400000000000002,1.4400000000000002,1.4400000000000002,1.4400000000000002,1.4400000000000002,1.4400000000000002,1.4400000000000002,1.4400000000000002,1.4400000000000002,1.4400000000000002,1.4400000000000002,1.4400000000000002,1.4400000000000002,1.4400000000000002,1.4400000000000002,1.4400000000000002,1.4400000000000002,1.4400000000000002,1.4400000000000002,1.4400000000000002,1.4400000000000002,1.4400000000000002,1.4400000000000002,1.4400000000000002,1.4400000000000002,1.4400000000000002,1.4400000000000002,1.4400000000000002,1.4400000000000002,1.4400000000000002,1.4400000000000002,1.4400000000000002,1.4400000000000002,1.4400000000000002,1.4400000000000002,1.4400000000000002,1.4400000000000002,1.4400000000000002,1.4400000000000002,1.4400000000000002,1.4400000000000002,1.4400000000000002,1.4400000000000002,1.4400000000000002,1.4400000000000002,1.4400000000000002,1.4400000000000002,1.4400000000000002,1.4400000000000002,1.4400000000000002,1.4400000000000002,1.4400000000000002,1.4400000000000002,1.4400000000000002,1.4400000000000002,1.4400000000000002,1.4400000000000002,1.4400000000000002,1.4400000000000002,1.4400000000000002,1.4400000000000002,0.3,0.3,0.3,0.3
1.4400000000000002,1.4400000000000002,1.4400000000000002,1.4400000000000002,1.4400000000000002,1.4400000000000002,1.4400000000000002,1.4400000000000002,1.4400000000000002,1.4400000000000002,1.4400000000000002,1.4400000000000002,1.4400000000000002,1.4400000000000002,1.4400000000000002,1.4400000000000002,1.4400000000000002,1.4400000000000002,1.4400000000000002,1.4400000000000002,1.4400000000000002,1.4400000000000002,1.4400000000000002,1.4400000000000002,1.4400000000000002,1.4400000000000002,1.4400000000000002,1.4400000000000002,1.4400000000000002,1.4400000000000002,1.4400000000000002,1.4400000000000002,1.4400000000000002,1.4400000000000002,1.4400000000000002,1.4400000000000002,1.4400000000000002,1.4400000000000002,1.4400000000000002,1.4400000000000002,1.4400000000000002,1.4400000000000002,1.4400000000000002,1.4400000000000002,1.4400000000000002,1.4400000000000002,1.4400000000000002,1.4400000000000002,1.4400000000000002,1.4400000000000002,1.4400000000000002,1.4400000000000002,1.4400000000000002,1.4400000000000002,1.4400000000000002,1.4400000000000002,1.4400000000000002,1.4400000000000002,1.4400000000000002,1.4400000000000002,1.4400000000000002,1.4400000000000002,1.4400000000000002,1.4400000000000002,1.4400000000000002,1.4400000000000002,1.4400000000000002,1.4400000000000002,1.4400000000000002,1.4400000000000002,1.4400000000000002,1.4400000000000002,1.4400000000000002,1.4400000000000002,1.4400000000000002,1.4400000000000002,1.4400000000000002,1.4400000000000002,1.4400000000000002,1.4400000000000002,1.4400000000000002,1.4400000000000002,1.4400000000000002,1.4400000000000002,1.4400000000000002,1.4400000000000002,1.4400000000000002,1.4400000000000002,1.4400000000000002,1.4400000000000002,1.4400000000000002,1.4400000000000002,1.4400000000000002,1.4400000000000002,1.4400000000000002,1.4400000000000002,1.4400000000000002,1.4400000000000002,1.4400000000000002,1.4400000000000002
1.4400000000000002,1.4400000000000002,1.4400000000000002,1.4400000000000002,1.4400000000000002,1.4400000000000002,1.4400000000000002,1.4400000000000002,1.4400000000000002,1.4400000000000002,1.4400000000000002,1.4400000000000002,1.4400000000000002,1.4400000000000002,1.4400000000000002,1.4400000000000002,1.4400000000000002,1.4400000000000002,1.4400000000000002,1.4400000000000002,1.4400000000000002,1.4400000000000002,1.4400000000000002,1.4400000000000002,1.4400000000000002,1.4400000000000002,1.4400000000000002,1.4400000000000002,1.4400000000000002,1.4400000000000002,1.4400000000000002,1.4400000000000002,1.4400000000000002,1.4400000000000002,1.4400000000000002,1.4400000000000002,1.4400000000000002,1.4400000000000002,1.4400000000000002,1.4400000000000002,1.4400000000000002,1.4400000000000002,1.4400000000000002,1.4400000000000002,1.4400000000000002,1.4400000000000002,1.4400000000000002,1.4400000000000002,1.4400000000000002,1.4400000000000002,1.4400000000000002,1.4400000000000002,1.4400000000000002,1.4400000000000002,1.4400000000000002,1.4400000000000002,1.4400000000000002,1.4400000000000002,1.4400000000000002,1.4400000000000002,1.4400000000000002,1.4400000000000002,1.4400000000000002,1.4400000000000002,1.4400000000000002,1.4400000000000002,1.4400000000000002,1.4400000000000002,1.4400000000000002,1.4400000000000002,1.4400000000000002,1.4400000000000002,1.4400000000000002,1.4400000000000002,1.4400000000000002,1.4400000000000002,1.4400000000000002,1.4400000000000002,1.4400000000000002,1.4400000000000002,1.4400000000000002,1.4400000000000002,1.4400000000000002,1.4400000000000002,1.4400000000000002,1.4400000000000002,1.4400000000000002,1.4400000000000002,1.4400000000000002,1.4400000000000002,1.4400000000000002,1.4400000000000002,1.4400000000000002,1.4400000000000002,1.4400000000000002,1.4400000000000002,1.4400000000000002,1.4400000000000002,1.4400000000000002,1.4400000000000002
1.4400000000000002,1.4400000000000002,1.4400000000000002,1.4400000000000002,1.4400000000000002,1.4400000000000002,1.4400000000000002,1.4400000000000002,1.4400000000000002,1.4400000000000002,1.4400000000000002,1.4400000000000002,1.4400000000000002,1.4400000000000002,1.4400000000000002,1.4400000000000002,1.4400000000000002,1.4400000000000002,1.4400000000000002,1.4400000000000002,1.4400000000000002,1.4400000000000002,1.4400000000000002,1.4400000000000002,1.4400000000000002,1.4400000000000002,1.4400000000000002,1.4400000000000002,1.4400000000000002,1.4400000000000002,1.4400000000000002,1.4400000000000002,1.4400000000000002,1.4400000000000002,1.4400000000000002,1.4400000000000002,1.4400000000000002,1.4400000000000002,1.4400000000000002,1.4400000000000002,1.4400000000000002,1.4400000000000002,1.4400000000000002,1.4400000000000002,1.4400000000000002,1.4400000000000002,1.4400000000000002,1.4400000000000002,1.4400000000000002,1.4400000000000002,1.4400000000000002,1.4400000000000002,1.4400000000000002,1.4400000000000002,1.4400000000000002,1.4400000000000002,1.4400000000000002,1.4400000000000002,1.4400000000000002,1.4400000000000002,1.4400000000000002,1.4400000000000002,1.4400000000000002,1.4400000000000002,1.4400000000000002,1.4400000000000002,1.4400000000000002,1.4400000000000002,1.4400000000000002,1.4400000000000002,1.4400000000000002,1.4400000000000002,1.4400000000000002,1.4400000000000002,1.4400000000000002,1.4400000000000002,1.4400000000000002,1.4400000000000002,1.4400000000000002,1.4400000000000002,1.4400000000000002,1.4400000000000002,1.4400000000000002,1.4400000000000002,1.4400000000000002,1.4400000000000002,1.4400000000000002,1.4400000000000002,1.4400000000000002,1.4400000000000002,1.4400000000000002,1.4400000000000002,1.4400000000000002,1.4400000000000002,1.4400000000000002,1.4400000000000002,1.4400000000000002,1.4400000000000002,1.4400000000000002,1.4400000000000002
1.4400000000000002,1.4400000000000002,1.4400000000000002,1.4400000000000002,1.4400000000000002,1.4400000000000002,1.4400000000000002,1.4400000000000002,1.4400000000000002,1.4400000000000002,1.4400000000000002,1.4400000000000002,1.4400000000000002,1.4400000000000002,1.4400000000000002,1.4400000000000002,1.4400000000000002,1.4400000000000002,1.4400000000000002,1.4400000000000002,1.4400000000000002,1.4400000000000002,1.4400000000000002,1.4400000000000002,1.4400000000000002,1.4400000000000002,1.4400000000000002,1.4400000000000002,1.4400000000000002,1.4400000000000002,1.4400000000000002,1.4400000000000002,1.4400000000000002,1.4400000000000002,1.4400000000000002,1.4400000000000002,1.4400000000000002,1.4400000000000002,1.4400000000000002,1.4400000000000002,1.4400000000000002,1.4400000000000002,1.4400000000000002,1.4400000000000002,1.4400000000000002,1.4400000000000002,1.4400000000000002,1.4400000000000002,1.4400000000000002,1.4400000000000002,1.4400000000000002,1.4400000000000002,1.4400000000000002,1.4400000000000002,1.4400000000000002,1.4400000000000002,1.4400000000000002,1.4400000000000002,1.4400000000000002,1.4400000000000002,1.4400000000000002,1.4400000000000002,1.4400000000000002,1.4400000000000002,1.4400000000000002,1.4400000000000002,1.4400000000000002,1.4400000000000002,1.4400000000000002,1.4400000000000002,1.4400000000000002,1.4400000000000002,1.4400000000000002,1.4400000000000002,1.4400000000000002,1.4400000000000002,1.4400000000000002,1.4400000000000002,1.4400000000000002,1.4400000000000002,1.4400000000000002,1.4400000000000002,1.4400000000000002,1.4400000000000002,1.4400000000000002,1.4400000000000002,1.4400000000000002,1.4400000000000002,1.4400000000000002,1.4400000000000002,1.4400000000000002,1.4400000000000002,1.4400000000000002,1.4400000000000002,1.4400000000000002,1.4400000000000002,1.4400000000000002,1.4400000000000002,1.4400000000000002,1.4400000000000002
1.4400000000000002,1.4400000000000002,1.4400000000000002,1.4400000000000002,1.4400000000000002,1.4400000000000002,1.4400000000000002,1.4400000000000002,1.4400000000000002,1.4400000000000002,1.4400000000000002,1.4400000000000002,1.4400000000000002,1.4400000000000002,1.4400000000000002,1.4400000000000002,1.4400000000000002,1.4400000000000002,1.4400000000000002,1.4400000000000002,1.4400000000000002,1.4400000000000002,1.4400000000000002,1.4400000000000002,1.4400000000000002,1.4400000000000002,1.4400000000000002,1.4400000000000002,1.4400000000000002,1.4400000000000002,1.4400000000000002,1.4400000000000002,1.4400000000000002,1.4400000000000002,1.4400000000000002,1.4400000000000002,1.4400000000000002,1.4400000000000002,1.4400000000000002,1.4400000000000002,1.4400000000000002,1.4400000000000002,1.4400000000000002,1.4400000000000002,1.4400000000000002,1.4400000000000002,1.4400000000000002,1.4400000000000002,1.4400000000000002,1.4400000000000002,1.4400000000000002,1.4400000000000002,1.4400000000000002,1.4400000000000002,1.4400000000000002,1.4400000000000002,1.4400000000000002,1.4400000000000002,1.4400000000000002,1.4400000000000002,1.4400000000000002,1.4400000000000002,1.4400000000000002,1.4400000000000002,1.4400000000000002,1.4400000000000002,1.4400000000000002,1.4400000000000002,1.4400000000000002,1.4400000000000002,1.4400000000000002,1.4400000000000002,1.4400000000000002,1.4400000000000002,1.4400000000000002,1.4400000000000002,1.4400000000000002,1.4400000000000002,1.4400000000000002,1.4400000000000002,1.4400000000000002,1.4400000000000002,1.4400000000000002,1.4400000000000002,1.4400000000000002,1.4400000000000002,1.4400000000000002,1.4400000000000002,1.4400000000000002,1.4400000000000002,1.4400000000000002,1.4400000000000002,1.4400000000000002,1.4400000000000002,1.4400000000000002,1.4400000000000002,1.4400000000000002,1.4400000000000002,1.4400000000000002,1.4400000000000002
1.4400000000000002,1.4400000000000002,1.4400000000000002,1.4400000000000002,1.4400000000000002,1.4400000000000002,1.4400000000000002,1.4400000000000002,1.4400000000000002,1.4400000000000002,1.4400000000000002,1.4400000000000002,1.4400000000000002,1.4400000000000002,1.4400000000000002,1.4400000000000002,1.3333333333333333,1.4400000000000002,1.4400000000000002,1.4400000000000002,1.4400000000000002,1.4400000000000002,1.4400000000000002,1.4400000000000002,1.4400000000000002,1.4400000000000002,1.4400000000000002,1.4400000000000002,1.4400000000000002,1.4400000000000002,1.4400000000000002,1.4400000000000002,1.4400000000000002,1.4400000000000002,1.4400000000000002,1.4400000000000002,1.4400000000000002,1.4400000000000002,1.4400000000000002,1.4400000000000002,1.4400000000000002,1.4400000000000002,1.4400000000000002,1.4400000000000002,1.4400000000000002,1.4400000000000002,1.4400000000000002,1.4400000000000002,1.4400000000000002,1.4400000000000002,1.4400000000000002,1.4400000000000002,1.4400000000000002,1.4400000000000002,1.4400000000000002,1.4400000000000002,1.4400000000000002,1.4400000000000002,1.4400000000000002,1.4400000000000002,1.4400000000000002,1.4400000000000002,1.4400000000000002,1.4400000000000002,1.4400000000000002,1.4400000000000002,1.4400000000000002,1.4400000000000002,1.4400000000000002,1.4400000000000002,1.4400000000000002,1.4400000000000002,1.4400000000000002,1.4400000000000002,1.4400000000000002,1.4400000000000002,1.4400000000000002,1.4400000000000002,1.4400000000000002,1.4400000000000002,1.4400000000000002,1.4400000000000002,1.4400000000000002,1.4400000000000002,1.4400000000000002,1.4400000000000002,1.4400000000000002,1.4400000000000002,1.4400000000000002,1.4400000000000002,1.4400000000000002,1.4400000000000002,1.4400000000000002,1.4400000000000002,1.4400000000000002,1.4400000000000002,1.4400000000000002,1.4400000000000002,1.4400000000000002,1.4400000000000002
1.4400000000000002,1.4400000000000002,1.4400000000000002,1.4400000000000002,1.4400000000000002,1.4400000000000002,1.4400000000000002,1.4400000000000002,1.4400000000000002,1.4400000000000002,1.4400000000000002,1.4400000000000002,1.4400000000000002,1.4400000000000002,1.4400000000000002,1.4400000000000002,1.4400000000000002,1.4400000000000002,1.4400000000000002,1.4400000000000002,1.4400000000000002,1.4400000000000002,1.4400000000000002,1.4400000000000002,1.4400000000000002,1.4400000000000002,1.4400000000000002,1.4400000000000002,1.4400000000000002,1.4400000000000002,1.4400000000000002,1.4400000000000002,1.4400000000000002,1.4400000000000002,1.4400000000000002,1.4400000000000002,1.4400000000000002,1.4400000000000002,1.4400000000000002,1.4400000000000002,1.4400000000000002,1.4400000000000002,1.4400000000000002,1.4400000000000002,1.4400000000000002,1.4400000000000002,1.4400000000000002,1.4400000000000002,1.4400000000000002,1.4400000000000002,1.4400000000000002,1.4400000000000002,1.4400000000000002,1.4400000000000002,1.4400000000000002,1.4400000000000002,0.3,0.3,1.4400000000000002,1.4400000000000002,1.4400000000000002,1.4400000000000002,1.4400000000000002,1.4400000000000002,1.4400000000000002,1.4400000000000002,1.4400000000000002,1.4400000000000002,1.4400000000000002,1.4400000000000002,1.4400000000000002,1.4400000000000002,1.4400000000000002,1.4400000000000002,1.4400000000000002,1.4400000000000002,1.4400000000000002,1.4400000000000002,1.4400000000000002,1.4400000000000002,1.4400000000000002,1.4400000000000002,1.4400000000000002,1.4400000000000002,1.4400000000000002,1.4400000000000002,1.4400000000000002,1.4400000000000002,1.4400000000000002,1.4400000000000002,1.4400000000000002,1.4400000000000002,1.4400000000000002,1.4400000000000002,1.4400000000000002,1.4400000000000002,1.4400000000000002,1.4400000000000002,0.3,0.3
1.4400000000000002,1.4400000000000002,1.4400000000000002,1.4400000000000002,1.4400000000000002,1.4400000000000002,1.4400000000000002,1.4400000000000002,1.4400000000000002,1.4400000000000002,1.4400000000000002,1.4400000000000002,1.4400000000000002,1.4400000000000002,1.4400000000000002,1.4400000000000002,1.4400000000000002,1.4400000000000002,1.4400000000000002,1.4400000000000002,1.4400000000000002,1.4400000000000002,1.4400000000000002,1.4400000000000002,1.4400000000000002,1.4400000000000002,1.4400000000000002,1.4400000000000002,1.4400000000000002,1.4400000000000002,1.4400000000000002,1.4400000000000002,1.4400000000000002,1.4400000000000002,1.4400000000000002,1.4400000000000002,1.4400000000000002,1.4400000000000002,1.4400000000000002,1.4400000000000002,1.4400000000000002,1.4400000000000002,1.4400000000000002,1.4400000000000002,1.4400000000000002,1.4400000000000002,1.4400000000000002,1.4400000000000002,1.4400000000000002,1.4400000000000002,1.4400000000000002,1.4400000000000002,1.4400000000000002,1.4400000000000002,1.4400000000000002,1.4400000000000002,0.3,0.3,0.3,1.4400000000000002,1.4400000000000002,0.3,0.3,1.4400000000000002,1.4400000000000002,1.4400000000000002,1.4400000000000002,1.4400000000000002,1.4400000000000002,1.4400000000000002,1.4400000000000002,1.4400000000000002,1.4400000000000002,1.4400000000000002,1.4400000000000002,1.4400000000000002,1.4400000000000002,1.4400000000000002,1.4400000000000002,1.4400000000000002,1.4400000000000002,1.4400000000000002,1.4400000000000002,1.4400000000000002,1.4400000000000002,1.4400000000000002,1.4400000000000002,1.4400000000000002,1.4400000000000002,1.4400000000000002,1.4400000000000002,1.4400000000000002,1.4400000000000002,1.4400000000000002,1.4400000000000002,1.4400000000000002,1.4400000000000002,1.4400000000000002,0.3,0.3
1.4400000000000002,1.4400000000000002,1.4400000000000002,1.4400000000000002,1.4400000000000002,1.4400000000000002,1.4400000000000002,1.4400000000000002,1.4400000000000002,1.4400000000000002,1.4400000000000002,1.4400000000000002,1.4400000000000002,1.4400000000000002,1.4400000000000002,1.4400000000000002,1.4400000000000002,1.4400000000000002,1.4400000000000002,1.4400000000000002,1.4400000000000002,1.4400000000000002,1.4400000000000002,1.4400000000000002,1.4400000000000002,1.4400000000000002,1.4400000000000002,1.4400000000000002,1.4400000000000002,1.4400000000000002,1.4400000000000002,1.4400000000000002,1.4400000000000002,1.4400000000000002,1.4400000000000002,1.4400000000000002,1.4400000000000002,1.4400000000000002,1.4400000000000002,1.4400000000000002,1.4400000000000002,1.4400000000000002,1.4400000000000002,1.4400000000000002,1.4400000000000002,1.4400000000000002,1.4400000000000002,1.4400000000000002,1.4400000000000002,1.4400000000000002,1.4400000000000002,1.4400000000000002,1.4400000000000002,1.4400000000000002,1.4400000000000002,1.4400000000000002,0.3,0.3,0.3,1.4400000000000002,1.4400000000000002,0.3,0.3,1.4400000000000002,1.4400000000000002,1.4400000000000002,1.4400000000000002,1.4400000000000002,1.4400000000000002,1.4400000000000002,1.4400000000000002,1.4400000000000002,1.4400000000000002,1.4400000000000002,1.4400000000000002,1.4400000000000002,1.4400000000000002,1.4400000000000002,1.4400000000000002,1.4400000000000002,1.4400000000000002,1.4400000000000002,1.4400000000000002,1.4400000000000002,1.4400000000000002,1.4400000000000002,1.4400000000000002,1.4400000000000002,1.4400000000000002,1.4400000000000002,1.4400000000000002,1.4400000000000002,1.4400000000000002,1.4400000000000002,1.4400000000000002,1.4400000000000002,1.4400000000000002,1.4400000000000002,0.3,0.3
1.4400000000000002,1.4400000000000002,1.4400000000000002,1.4400000000000002,1.4400000000000002,1.4400000000000002,1.4400000000000002,1.4400000000000002,1.4400000000000002,1.4400000000000002,1.4400000000000002,1.4400000000000002,1.4400000000000002,1.4400000000000002,1.4400000000000002,1.4400000000000002,1.4400000000000002,1.4400000000000002,1.4400000000000002,1.4400000000000002,1.4400000000000002,1.4400000000000002,1.4400000000000002,1.4400000000000002,1.4400000000000002,1.4400000000000002,1.4400000000000002,1.4400000000000002,1.4400000000000002,1.4400000000000002,1.4400000000000002,1.4400000000000002,1.4400000000000002,1.4400000000000002,1.4400000000000002,1.4400000000000002,1.4400000000000002,1.4400000000000002,1.4400000000000002,1.4400000000000002,1.4400000000000002,1.4400000000000002,1.4400000000000002,1.4400000000000002,1.4400000000000002,1.4400000000000002,1.4400000000000002,1.4400000000000002,1.4400000000000002,1.4400000000000002,1.4400000000000002,1.4400000000000002,1.4400000000000002,1.4400000000000002,1.4400000000000002,1.4400000000000002,0.3,1.4400000000000002,0.3,1.4400000000000002,1.4400000000000002,1.4400000000000002,1.4400000000000002,1.4400000000000002,1.4400000000000002,1.4400000000000002,1.4400000000000002,1.4400000000000002,1.4400000000000002,1.4400000000000002,1.4400000000000002,1.4400000000000002,1.4400000000000002,1.4400000000000002,1.4400000000000002,1.4400000000000002,1.4400000000000002,1.4400000000000002,1.4400000000000002,1.4400000000000002,1.4400000000000002,1.4400000000000002,1.4400000000000002,1.4400000000000002,1.4400000000000002,1.4400000000000002,1.4400000000000002,1.4400000000000002,1.4400000000000002,1.4400000000000002,1.4400000000000002,1.4400000000000002,1.4400000000000002,1.4400000000000002,1.4400000000000002,1.4400000000000002,1.4400000000000002,1.4400000000000002,1.4400000000000002,1.4400000000000002
1.4400000000000002,1.4400000000000002,1.4400000000000002,1.4400000000000002,1.4400000000000002,1.4400000000000002,1.4400000000000002,1.4400000000000002,1.4400000000000002,1.4400000000000002,1.4400000000000002,1.4400000000000002,1.4400000000000002,1.4400000000000002,1.4400000000000002,1.4400000000000002,1.4400000000000002,1.4400000000000002,1.4400000000000002,1.4400000000000002,1.4400000000000002,1.4400000000000002,1.4400000000000002,1.4400000000000002,1.4400000000000002,1.4400000000000002,1.4400000000000002,1.4400000000000002,1.4400000000000002,1.4400000000000002,1.4400000000000002,1.4400000000000002,1.4400000000000002,1.4400000000000002,1.4400000000000002,1.4400000000000002,1.4400000000000002,1.4400000000000002,1.4400000000000002,1.4400000000000002,1.4400000000000002,1.4400000000000002,1.4400000000000002,1.4400000000000002,1.4400000000000002,1.4400000000000002,1.4400000000000002,1.4400000000000002,1.4400000000000002,1.4400000000000002,1.4400000000000002,1.4400000000000002,1.4400000000000002,1.4400000000000002,1.4400000000000002,1.4400000000000002,1.4400000000000002,1.4400000000000002,1.4400000000000002,1.4400000000000002,1.4400000000000002,1.4400000000000002,1.4400000000000002,1.4400000000000002,1.4400000000000002,1.4400000000000002,1.4400000000000002,1.4400000000000002,1.4400000000000002,1.4400000000000002,1.4400000000000002,1.4400000000000002,1.4400000000000002,1.4400000000000002,1.4400000000000002,1.4400000000000002,1.4400000000000002,1.4400000000000002,1.4400000000000002,1.4400000000000002,1.4400000000000002,1.4400000000000002,1.4400000000000002,1.4400000000000002,1.4400000000000002,1.4400000000000002,1.4400000000000002,1.4400000000000002,1.4400000000000002,1.4400000000000002,1.4400000000000002,1.4400000000000002,1.4400000000000002,1.4400000000000002,1.4400000000000002,1.4400000000000002,1.4400000000000002,1.4400000000000002,1.4400000000000002,1.4400000000000002
1.4400000000000002,1.4400000000000002,1.4400000000000002,1.4400000000000002,1.4400000000000002,1.4400000000000002,1.4400000000000002,1.4400000000000002,1.4400000000000002,1.4400000000000002,1.4400000000000002,1.4400000000000002,1.4400000000000002,1.4400000000000002,1.4400000000000002,1.4400000000000002,1.4400000000000002,1.4400000000000002,1.4400000000000002,1.4400000000000002,1.4400000000000002,1.4400000000000002,1.4400000000000002,1.4400000000000002,1.4400000000000002,1.4400000000000002,1.4400000000000002,1.4400000000000002,1.4400000000000002,1.4400000000000002,1.4400000000000002,1.4400000000000002,1.4400000000000002,1.4400000000000002,1.4400000000000002,1.4400000000000002,1.4400000000000002,1.4400000000000002,1.4400000000000002,1.4400000000000002,1.4400000000000002,1.4400000000000002,1.4400000000000002,1.4400000000000002,1.4400000000000002,1.4400000000000002,1.4400000000000002,1.4400000000000002,1.4400000000000002,1.4400000000000002,1.4400000000000002,1.4400000000000002,1.4400000000000002,1.4400000000000002,1.4400000000000002,1.4400000000000002,1.4400000000000002,1.4400000000000002,1.4400000000000002,1.4400000000000002,1.4400000000000002,1.4400000000000002,1.4400000000000002,1.4400000000000002,1.4400000000000002,1.4400000000000002,1.4400000000000002,1.4400000000000002,1.4400000000000002,1.4400000000000002,1.4400000000000002,1.4400000000000002,1.4400000000000002,1.4400000000000002,1.4400000000000002,1.4400000000000002,1.4400000000000002,1.4400000000000002,1.4400000000000002,1.4400000000000002,1.4400000000000002,1.4400000000000002,1.4400000000000002,1.4400000000000002,1.4400000000000002,1.4400000000000002,1.4400000000000002,1.4400000000000002,1.4400000000000002,1.4400000000000002,1.4400000000000002,1.4400000000000002,1.4400000000000002,1.4400000000000002,1.4400000000000002,1.4400000000000002,1.4400000000000002,1.4400000000000002,1.4400000000000002,1.4400000000000002
1.4400000000000002,1.4400000000000002,1.4400000000000002,1.4400000000000002,1.4400000000000002,1.4400000000000002,1.4400000000000002,1.4400000000000002,1.4400000000000002,1.4400000000000002,1.4400000000000002,1.4400000000000002,1.4400000000000002,1.4400000000000002,1.4400000000000002,1.4400000000000002,1.4400000000000002,1.4400000000000002,1.4400000000000002,1.4400000000000002,1.4400000000000002,1.4400000000000002,1.4400000000000002,1.4400000000000002,1.4400000000000002,1.4400000000000002,1.4400000000000002,1.4400000000000002,1.4400000000000002,1.4400000000000002,1.4400000000000002,1.4400000000000002,1.4400000000000002,1.4400000000000002,1.4400000000000002,1.4400000000000002,1.4400000000000002,1.4400000000000002,1.4400000000000002,1.4400000000000002,1.4400000000000002,1.4400000000000002,1.4400000000000002,1.4400000000000002,1.4400000000000002,1.4400000000000002,1.4400000000000002,1.4400000000000002,1.4400000000000002,1.4400000000000002,1.4400000000000002,1.4400000000000002,1.4400000000000002,1.4400000000000002,1.4400000000000002,1.4400000000000002,1.4400000000000002,1.4400000000000002,1.4400000000000002,1.4400000000000002,1.4400000000000002,1.4400000000000002,1.4400000000000002,1.4400000000000002,1.4400000000000002,1.4400000000000002,1.4400000000000002,1.4400000000000002,1.4400000000000002,1.4400000000000002,1.4400000000000002,1.4400000000000002,1.4400000000000002,1.4400000000000002,1.4400000000000002,1.4400000000000002,1.4400000000000002,1.4400000000000002,1.4400000000000002,1.4400000000000002,1.4400000000000002,1.4400000000000002,1.4400000000000002,1.4400000000000002,1.4400000000000002,1.4400000000000002,1.4400000000000002,1.4400000000000002,1.4400000000000002,1.4400000000000002,1.4400000000000002,1.4400000000000002,1.4400000000000002,1.4400000000000002,1.4400000000000002,1.4400000000000002,1.4400000000000002,1.4400000000000002,1.4400000000000002,1.4400000000000002
1.4400000000000002,1.4400000000000002,1.4400000000000002,1.4400000000000002,1.4400000000000002,1.4400000000000002,1.4400000000000002,1.4400000000000002,1.4400000000000002,1.4400000000000002,1.4400000000000002,1.4400000000000002,1.4400000000000002,1.4400000000000002,1.4400000000000002,1.4400000000000002,1.4400000000000002,1.4400000000000002,1.4400000000000002,1.4400000000000002,1.4400000000000002,1.4400000000000002,1.4400000000000002,1.4400000000000002,1.4400000000000002,1.4400000000000002,1.4400000000000002,1.4400000000000002,1.4400000000000002,1.4400000000000002,1.4400000000000002,1.4400000000000002,1.4400000000000002,1.4400000000000002,1.4400000000000002,1.4400000000000002,1.4400000000000002,1.4400000000000002,1.4400000000000002,1.4400000000000002,1.4400000000000002,1.4400000000000002,1.4400000000000002,1.4400000000000002,1.4400000000000002,1.4400000000000002,1.4400000000000002,1.4400000000000002,1.4400000000000002,1.4400000000000002,1.4400000000000002,1.4400000000000002,1.4400000000000002,1.4400000000000002,1.4400000000000002,1.4400000000000002,1.4400000000000002,1.4400000000000002,1.4400000000000002,1.4400000000000002,1.4400000000000002,1.4400000000000002,1.4400000000000002,1.4400000000000002,1.4400000000000002,1.4400000000000002,1.4400000000000002,1.4400000000000002,1.4400000000000002,1.4400000000000002,1.4400000000000002,1.4400000000000002,1.4400000000000002,1.4400000000000002,1.4400000000000002,1.4400000000000002,1.4400000000000002,1.4400000000000002,1.4400000000000002,1.4400000000000002,1.4400000000000002,1.4400000000000002,1.4400000000000002,1.4400000000000002,1.4400000000000002,1.4400000000000002,1.4400000000000002,1.4400000000000002,1.4400000000000002,1.4400000000000002,1.4400000000000002,1.4400000000000002,1.4400000000000002,1.4400000000000002,1.4400000000000002,1.4400000000000002,1.4400000000000002,1.4400000000000002,1.4400000000000002,1.4400000000000002
1.4400000000000002,1.4400000000000002,1.4400000000000002,1.4400000000000002,1.4400000000000002,1.4400000000000002,1.4400000000000002,1.4400000000000002,1.4400000000000002,1.4400000000000002,1.4400000000000002,1.4400000000000002,1.4400000000000002,1.4400000000000002,1.4400000000000002,1.4400000000000002,1.4400000000000002,1.4400000000000002,1.4400000000000002,1.4400000000000002,1.4400000000000002,1.4400000000000002,1.4400000000000002,1.4400000000000002,1.4400000000000002,1.4400000000000002,1.4400000000000002,1.4400000000000002,1.4400000000000002,1.4400000000000002,1.4400000000000002,1.4400000000000002,1.4400000000000002,1.4400000000000002,1.4400000000000002,1.4400000000000002,1.4400000000000002,1.4400000000000002,1.4400000000000002,1.4400000000000002,1.4400000000000002,1.4400000000000002,1.4400000000000002,1.4400000000000002,1.4400000000000002,1.4400000000000002,1.4400000000000002,1.4400000000000002,1.4400000000000002,1.4400000000000002,1.4400000000000002,1.4400000000000002,1.4400000000000002,1.4400000000000002,1.4400000000000002,1.4400000000000002,1.4400000000000002,1.4400000000000002,1.4400000000000002,1.4400000000000002,1.4400000000000002,1.4400000000000002,1.4400000000000002,1.4400000000000002,1.4400000000000002,1.4400000000000002,1.4400000000000002,1.4400000000000002,1.4400000000000002,1.4400000000000002,1.4400000000000002,1.4400000000000002,1.4400000000000002,1.4400000000000002,1.4400000000000002,1.4400000000000002,1.4400000000000002,1.4400000000000002,1.4400000000000002,1.4400000000000002,1.4400000000000002,1.4400000000000002,1.4400000000000002,1.4400000000000002,1.4400000000000002,1.4400000000000002,1.4400000000000002,1.4400000000000002,1.4400000000000002,1.4400000000000002,1.4400000000000002,1.4400000000000002,1.4400000000000002,1.4400000000000002,1.4400000000000002,1.4400000000000002,1.4400000000000002,1.4400000000000002,1.4400000000000002,1.4400000000000002
1.4400000000000002,1.4400000000000002,1.4400000000000002,1.4400000000000002,1.4400000000000002,1.4400000000000002,1.4400000000000002,1.4400000000000002,1.4400000000000002,1.4400000000000002,1.4400000000000002,1.4400000000000002,1.4400000000000002,1.4400000000000002,1.4400000000000002,1.4400000000000002,1.4400000000000002,1.4400000000000002,1.4400000000000002,1.4400000000000002,1.4400000000000002,1.4400000000000002,1.4400000000000002,1.4400000000000002,1.4400000000000002,1.4400000000000002,1.4400000000000002,1.4400000000000002,1.4400000000000002,1.4400000000000002,1.4400000000000002,1.4400000000000002,1.4400000000000002,1.4400000000000002,1.4400000000000002,1.4400000000000002,1.4400000000000002,1.4400000000000002,1.4400000000000002,1.4400000000000002,1.4400000000000002,1.4400000000000002,1.4400000000000002,1.4400000000000002,1.4400000000000002,1.4400000000000002,1.4400000000000002,1.4400000000000002,1.4400000000000002,1.4400000000000002,1.4400000000000002,1.4400000000000002,1.4400000000000002,1.4400000000000002,1.4400000000000002,1.4400000000000002,1.4400000000000002,1.4400000000000002,1.4400000000000002,1.4400000000000002,1.4400000000000002,1.4400000000000002,1.4400000000000002,1.4400000000000002,1.4400000000000002,1.4400000000000002,1.4400000000000002,1.4400000000000002,1.4400000000000002,1.4400000000000002,1.4400000000000002,0.26666666666666666,1.4400000000000002,1.4400000000000002,1.4400000000000002,1.4400000000000002,1.4400000000000002,1.4400000000000002,1.4400000000000002,1.4400000000000002,1.4400000000000002,1.4400000000000002,1.4400000000000002,1.4400000000000002,1.4400000000000002,1.4400000000000002,1.4400000000000002,1.4400000000000002,1.4400000000000002,1.4400000000000002,1.4400000000000002,1.4400000000000002,1.4400000000000002,1.4400000000000002,1.4400000000000002,1.4400000000000002,1.4400000000000002,1.4400000000000002,1.4400000000000002,1.4400000000000002
1.4400000000000002,1.4400000000000002,1.4400000000000002,1.4400000000000002,1.4400000000000002,1.4400000000000002,1.4400000000000002,1.4400000000000002,1.4400000000000002,1.4400000000000002,1.4400000000000002,1.4400000000000002,1.4400000000000002,1.4400000000000002,1.4400000000000002,1.4400000000000002,1.4400000000000002,1.4400000000000002,1.4400000000000002,1.4400000000000002,1.4400000000000002,1.4400000000000002,1.4400000000000002,1.4400000000000002,1.4400000000000002,1.4400000000000002,1.4400000000000002,1.4400000000000002,1.4400000000000002,1.4400000000000002,1.4400000000000002,1.4400000000000002,1.4400000000000002,1.4400000000000002,1.4400000000000002,1.4400000000000002,1.4400000000000002,1.4400000000000002,1.4400000000000002,1.4400000000000002,1.4400000000000002,1.4400000000000002,1.4400000000000002,1.4400000000000002,1.4400000000000002,1.4400000000000002,1.4400000000000002,1.4400000000000002,1.4400000000000002,1.4400000000000002,1.4400000000000002,1.4400000000000002,1.4400000000000002,1.4400000000000002,1.4400000000000002,1.4400000000000002,1.4400000000000002,1.4400000000000002,1.4400000000000002,1.4400000000000002,1.4400000000000002,1.4400000000000002,1.4400000000000002,1.4400000000000002,1.4400000000000002,1.4400000000000002,1.4400000000000002,1.4400000000000002,1.4400000000000002,1.4400000000000002,1.4400000000000002,1.4400000000000002,1.4400000000000002,1.4400000000000002,1.4400000000000002,1.4400000000000002,1.4400000000000002,1.4400000000000002,1.4400000000000002,1.4400000000000002,1.4400000000000002,1.4400000000000002,1.4400000000000002,1.4400000000000002,1.4400000000000002,1.4400000000000002,1.4400000000000002,1.4400000000000002,1.4400000000000002,1.4400000000000002,1.4400000000000002,1.4400000000000002,1.4400000000000002,1.4400000000000002,1.4400000000000002,1.4400000000000002,1.4400000000000002,1.4400000000000002,1.4400000000000002,1.4400000000000002
1.4400000000000002,1.4400000000000002,1.4400000000000002,1.4400000000000002,1.4400000000000002,1.4400000000000002,1.4400000000000002,1.4400000000000002,1.4400000000000002,1.4400000000000002,1.4400000000000002,1.4400000000000002,1.4400000000000002,1.4400000000000002,1.4400000000000002,1.4400000000000002,1.4400000000000002,1.4400000000000002,1.4400000000000002,1.4400000000000002,1.4400000000000002,1.4400000000000002,1.4400000000000002,1.4400000000000002,1.4400000000000002,1.4400000000000002,1.4400000000000002,1.4400000000000002,1.4400000000000002,1.4400000000000002,1.4400000000000002,1.4400000000000002,1.4400000000000002,1.4400000000000002,1.4400000000000002,1.4400000000000002,1.4400000000000002,1.4400000000000002,1.4400000000000002,1.4400000000000002,1.4400000000000002,1.4400000000000002,1.4400000000000002,1.4400000000000002,1.4400000000000002,1.4400000000000002,1.4400000000000002,1.4400000000000002,1.4400000000000002,1.4400000000000002,1.4400000000000002,1.4400000000000002,1.4400000000000002,1.4400000000000002,1.4400000000000002,1.4400000000000002,1.4400000000000002,1.4400000000000002,1.4400000000000002,1.4400000000000002,1.4400000000000002,1.4400000000000002,1.4400000000000002,1.4400000000000002,1.4400000000000002,1.4400000000000002,1.4400000000000002,1.4400000000000002,1.4400000000000002,1.4400000000000002,1.4400000000000002,1.4400000000000002,1.4400000000000002,1.4400000000000002,1.4400000000000002,1.4400000000000002,1.4400000000000002,1.4400000000000002,1.4400000000000002,1.4400000000000002,1.4400000000000002,1.4400000000000002,1.4400000000000002,1.4400000000000002,1.4400000000000002,1.4400000000000002,1.4400000000000002,1.4400000000000002,1.4400000000000002,1.4400000000000002,1.4400000000000002,1.4400000000000002,1.4400000000000002,1.4400000000000002,1.4400000000000002,1.4400000000000002,1.4400000000000002,1.4400000000000002,1.4400000000000002,1.4400000000000002
1.4400000000000002,1.4400000000000002,1.4400000000000002,1.4400000000000002,1.4400000000000002,1.4400000000000002,1.4400000000000002,1.4400000000000002,1.4400000000000002,1.4400000000000002,1.4400000000000002,1.4400000000000002,1.4400000000000002,1.4400000000000002,1.4400000000000002,1.4400000000000002,1.4400000000000002,1.4400000000000002,1.4400000000000002,1.4400000000000002,1.4400000000000002,1.4400000000000002,1.4400000000000002,1.4400000000000002,1.4400000000000002,1.4400000000000002,1.4400000000000002,1.4400000000000002,1.4400000000000002,1.4400000000000002,1.4400000000000002,1.4400000000000002,1.4400000000000002,1.4400000000000002,1.4400000000000002,1.4400000000000002,1.4400000000000002,1.4400000000000002,1.4400000000000002,1.4400000000000002,1.4400000000000002,1.4400000000000002,1.4400000000000002,1.4400000000000002,1.4400000000000002,1.4400000000000002,1.4400000000000002,1.4400000000000002,1.4400000000000002,1.4400000000000002,1.4400000000000002,1.4400000000000002,1.4400000000000002,1.4400000000000002,1.4400000000000002,1.4400000000000002,1.4400000000000002,1.4400000000000002,1.4400000000000002,1.4400000000000002,1.4400000000000002,1.4400000000000002,1.4400000000000002,1.4400000000000002,1.4400000000000002,1.4400000000000002,1.4400000000000002,1.4400000000000002,1.4400000000000002,1.4400000000000002,1.4400000000000002,1.4400000000000002,1.4400000000000002,1.4400000000000002,1.4400000000000002,1.4400000000000002,1.4400000000000002,1.4400000000000002,1.4400000000000002,1.4400000000000002,1.4400000000000002,1.4400000000000002,1.4400000000000002,1.4400000000000002,1.4400000000000002,1.4400000000000002,1.4400000000000002,1.4400000000000002,1.4400000000000002,1.4400000000000002,1.4400000000000002,1.4400000000000002,1.4400000000000002,1.4400000000000002,1.4400000000000002,1.4400000000000002,1.4400000000000002,1.4400000000000002,1.4400000000000002,1.4400000000000002
1.4400000000000002,1.4400000000000002,1.4400000000000002,1.4400000000000002,1.3333333333333333,1.4400000000000002,1.4400000000000002,1.4400000000000002,1.4400000000000002,1.4400000000000002,1.4400000000000002,1.4400000000000002,1.4400000000000002,1.4400000000000002,1.4400000000000002,1.4400000000000002,1.4400000000000002,1.4400000000000002,1.4400000000000002,1.4400000000000002,1.4400000000000002,1.4400000000000002,1.4400000000000002,1.4400000000000002,1.4400000000000002,1.4400000000000002,1.4400000000000002,1.4400000000000002,1.4400000000000002,1.4400000000000002,1.4400000000000002,1.4400000000000002,1.4400000000000002,1.4400000000000002,1.4400000000000002,1.4400000000000002,1.4400000000000002,1.4400000000000002,1.4400000000000002,1.4400000000000002,1.4400000000000002,1.4400000000000002,1.4400000000000002,1.4400000000000002,1.4400000000000002,1.4400000000000002,1.4400000000000002,1.4400000000000002,1.4400000000000002,1.4400000000000002,1.4400000000000002,1.4400000000000002,1.4400000000000002,1.4400000000000002,1.4400000000000002,1.4400000000000002,1.4400000000000002,1.4400000000000002,1.4400000000000002,1.4400000000000002,1.4400000000000002,1.4400000000000002,1.4400000000000002,1.4400000000000002,1.4400000000000002,1.4400000000000002,1.4400000000000002,1.4400000000000002,1.4400000000000002,1.4400000000000002,1.4400000000000002,1.4400000000000002,1.4400000000000002,1.4400000000000002,1.4400000000000002,1.4400000000000002,1.4400000000000002,1.4400000000000002,1.4400000000000002,1.4400000000000002,1.4400000000000002,1.4400000000000002,1.4400000000000002,1.4400000000000002,1.4400000000000002,1.4400000000000002,1.4400000000000002,1.4400000000000002,1.4400000000000002,1.4400000000000002,1.4400000000000002,1.4400000000000002,1.4400000000000002,1.4400000000000002,1.4400000000000002,1.4400000000000002,1.4400000000000002,1.4400000000000002,1.4400000000000002,1.4400000000000002
1.4400000000000002,1.4400000000000002,1.4400000000000002,1.4400000000000002,1.4400000000000002,1.4400000000000002,1.4400000000000002,1.4400000000000002,1.4400000000000002,1.4400000000000002,1.4400000000000002,1.4400000000000002,1.4400000000000002,1.4400000000000002,1.4400000000000002,1.4400000000000002,1.4400000000000002,1.4400000000000002,1.4400000000000002,1.4400000000000002,1.4400000000000002,1.4400000000000002,1.4400000000000002,1.4400000000000002,1.4400000000000002,1.4400000000000002,1.4400000000000002,1.4400000000000002,1.4400000000000002,1.4400000000000002,1.4400000000000002,1.4400000000000002,1.4400000000000002,1.4400000000000002,1.4400000000000002,1.4400000000000002,1.4400000000000002,1.4400000000000002,1.4400000000000002,1.4400000000000002,1.4400000000000002,1.4400000000000002,1.4400000000000002,1.4400000000000002,1.4400000000000002,1.4400000000000002,1.4400000000000002,1.4400000000000002,1.4400000000000002,1.4400000000000002,1.4400000000000002,1.4400000000000002,1.4400000000000002,1.4400000000000002,1.4400000000000002,1.4400000000000002,1.4400000000000002,1.4400000000000002,1.4400000000000002,1.4400000000000002,1.4400000000000002,1.4400000000000002,1.4400000000000002,1.4400000000000002,1.4400000000000002,1.4400000000000002,1.4400000000000002,1.4400000000000002,1.4400000000000002,1.4400000000000002,1.4400000000000002,1.4400000000000002,1.4400000000000002,1.4400000000000002,1.4400000000000002,1.4400000000000002,1.4400000000000002,1.4400000000000002,1.4400000000000002,1.4400000000000002,1.4400000000000002,1.4400000000000002,1.4400000000000002,1.4400000000000002,1.4400000000000002,1.4400000000000002,1.4400000000000002,1.4400000000000002,1.4400000000000002,1.4400000000000002,1.4400000000000002,1.4400000000000002,1.4400000000000002,1.4400000000000002,1.4400000000000002,1.4400000000000002,1.4400000000000002,1.4400000000000002,1.4400000000000002,1.4400000000000002
1.4400000000000002,1.4400000000000002,1.4400000000000002,1.4400000000000002,1.4400000000000002,1.4400000000000002,1.4400000000000002,1.4400000000000002,1.4400000000000002,1.4400000000000002,1.4400000000000002,1.4400000000000002,1.4400000000000002,1.4400000000000002,1.4400000000000002,1.4400000000000002,1.4400000000000002,1.4400000000000002,1.4400000000000002,1.4400000000000002,1.4400000000000002,1.4400000000000002,1.4400000000000002,1.4400000000000002,1.4400000000000002,1.4400000000000002,1.4400000000000002,1.4400000000000002,1.4400000000000002,1.4400000000000002,1.4400000000000002,1.4400000000000002,1.4400000000000002,1.4400000000000002,1.4400000000000002,1.4400000000000002,1.4400000000000002,1.4400000000000002,1.4400000000000002,1.4400000000000002,1.4400000000000002,1.4400000000000002,1.4400000000000002,1.4400000000000002,1.4400000000000002,1.4400000000000002,1.4400000000000002,1.4400000000000002,1.4400000000000002,1.4400000000000002,1.4400000000000002,1.4400000000000002,1.4400000000000002,1.4400000000000002,1.4400000000000002,1.4400000000000002,1.4400000000000002,1.4400000000000002,1.4400000000000002,1.4400000000000002,1.4400000000000002,1.4400000000000002,1.4400000000000002,1.4400000000000002,1.4400000000000002,1.4400000000000002,1.4400000000000002,1.4400000000000002,1.4400000000000002,1.4400000000000002,1.4400000000000002,1.4400000000000002,1.4400000000000002,1.4400000000000002,1.4400000000000002,1.4400000000000002,1.4400000000000002,1.4400000000000002,1.4400000000000002,1.4400000000000002,1.4400000000000002,1.4400000000000002,1.4400000000000002,1.4400000000000002,1.4400000000000002,1.4400000000000002,1.4400000000000002,1.4400000000000002,1.4400000000000002,1.4400000000000002,1.4400000000000002,1.4400000000000002,1.4400000000000002,1.4400000000000002,1.4400000000000002,1.4400000000000002,1.4400000000000002,1.4400000000000002,1.4400000000000002,1.4400000000000002
1.4400000000000002,1.4400000000000002,1.4400000000000002,1.4400000000000002,1.4400000000000002,1.4400000000000002,1.4400000000000002,1.4400000000000002,1.4400000000000002,1.4400000000000002,1.4400000000000002,1.4400000000000002,1.4400000000000002,1.4400000000000002,1.4400000000000002,1.4400000000000002,1.4400000000000002,1.4400000000000002,1.4400000000000002,1.4400000000000002,1.4400000000000002,1.4400000000000002,1.4400000000000002,1.4400000000000002,1.4400000000000002,1.4400000000000002,1.4400000000000002,1.4400000000000002,1.4400000000000002,1.4400000000000002,1.4400000000000002,1.4400000000000002,1.4400000000000002,1.4400000000000002,1.4400000000000002,1.4400000000000002,1.4400000000000002,1.4400000000000002,1.4400000000000002,1.4400000000000002,1.4400000000000002,1.4400000000000002,1.4400000000000002,1.4400000000000002,1.4400000000000002,1.4400000000000002,1.4400000000000002,1.4400000000000002,1.4400000000000002,1.4400000000000002,1.4400000000000002,1.4400000000000002,1.4400000000000002,1.4400000000000002,1.4400000000000002,1.4400000000000002,1.4400000000000002,1.4400000000000002,1.4400000000000002,1.4400000000000002,1.4400000000000002,1.4400000000000002,1.4400000000000002,1.4400000000000002,1.4400000000000002,1.4400000000000002,1.4400000000000002,1.4400000000000002,1.4400000000000002,1.4400000000000002,1.4400000000000002,1.4400000000000002,1.4400000000000002,1.4400000000000002,1.4400000000000002,1.4400000000000002,1.4400000000000002,1.4400000000000002,1.4400000000000002,1.4400000000000002,1.4400000000000002,1.4400000000000002,1.4400000000000002,1.4400000000000002,1.4400000000000002,1.4400000000000002,1.4400000000000002,1.4400000000000002,1.4400000000000002,1.4400000000000002,1.4400000000000002,1.4400000000000002,1.4400000000000002,1.4400000000000002,1.4400000000000002,1.4400000000000002,1.4400000000000002,1.4400000000000002,1.4400000000000002,1.4400000000000002
1.4400000000000002,1.4400000000000002,1.4400000000000002,1.4400000000000002,1.4400000000000002,1.4400000000000002,1.4400000000000002,1.4400000000000002,1.4400000000000002,1.4400000000000002,1.4400000000000002,1.4400000000000002,1.4400000000000002,1.4400000000000002,1.4400000000000002,1.4400000000000002,1.4400000000000002,1.4400000000000002,1.4400000000000002,1.4400000000000002,1.4400000000000002,1.4400000000000002,1.4400000000000002,1.4400000000000002,1.4400000000000002,1.4400000000000002,1.4400000000000002,1.4400000000000002,1.4400000000000002,1.4400000000000002,1.4400000000000002,1.4400000000000002,1.4400000000000002,1.4400000000000002,1.4400000000000002,1.4400000000000002,1.4400000000000002,1.4400000000000002,1.4400000000000002,1.4400000000000002,1.4400000000000002,1.4400000000000002,1.4400000000000002,1.4400000000000002,1.4400000000000002,1.4400000000000002,1.4400000000000002,1.4400000000000002,1.4400000000000002,1.4400000000000002,1.4400000000000002,1.4400000000000002,1.4400000000000002,1.4400000000000002,1.4400000000000002,1.4400000000000002,1.4400000000000002,1.4400000000000002,1.4400000000000002,1.4400000000000002,1.4400000000000002,1.4400000000000002,1.4400000000000002,1.4400000000000002,1.4400000000000002,1.4400000000000002,1.4400000000000002,1.4400000000000002,1.4400000000000002,1.4400000000000002,1.4400000000000002,1.4400000000000002,1.4400000000000002,1.4400000000000002,1.4400000000000002,1.4400000000000002,1.4400000000000002,1.4400000000000002,1.4400000000000002,1.4400000000000002,1.4400000000000002,1.4400000000000002,1.4400000000000002,1.4400000000000002,1.4400000000000002,1.4400000000000002,1.4400000000000002,1.4400000000000002,1.4400000000000002,1.4400000000000002,1.4400000000000002,1.4400000000000002,1.4400000000000002,1.4400000000000002,1.4400000000000002,1.4400000000000002,1.4400000000000002,1.4400000000000002,1.4400000000000002,1.4400000000000002
1.4400000000000002,1.4400000000000002,1.4400000000000002,1.4400000000000002,1.4400000000000002,1.4400000000000002,1.4400000000000002,1.4400000000000002,1.4400000000000002,1.4400000000000002,1.4400000000000002,1.4400000000000002,1.4400000000000002,1.4400000000000002,1.4400000000000002,1.4400000000000002,1.4400000000000002,1.4400000000000002,1.4400000000000002,1.4400000000000002,1.4400000000000002,1.4400000000000002,1.4400000000000002,1.4400000000000002,1.4400000000000002,1.4400000000000002,1.4400000000000002,1.4400000000000002,1.4400000000000002,1.4400000000000002,1.4400000000000002,1.4400000000000002,1.4400000000000002,1.4400000000000002,1.4400000000000002,1.4400000000000002,1.4400000000000002,1.4400000000000002,1.4400000000000002,1.4400000000000002,1.4400000000000002,1.4400000000000002,1.4400000000000002,1.4400000000000002,1.4400000000000002,1.4400000000000002,1.4400000000000002,1.4400000000000002,1.4400000000000002,1.4400000000000002,1.4400000000000002,1.4400000000000002,1.4400000000000002,1.4400000000000002,1.4400000000000002,1.4400000000000002,1.4400000000000002,1.4400000000000002,1.4400000000000002,1.4400000000000002,1.4400000000000002,1.4400000000000002,1.4400000000000002,1.4400000000000002,1.4400000000000002,1.4400000000000002,1.4400000000000002,1.4400000000000002,1.4400000000000002,1.4400000000000002,1.4400000000000002,1.4400000000000002,1.4400000000000002,1.4400000000000002,1.4400000000000002,1.4400000000000002,1.4400000000000002,1.4400000000000002,1.4400000000000002,1.4400000000000002,1.4400000000000002,1.4400000000000002,1.4400000000000002,1.4400000000000002,1.4400000000000002,1.4400000000000002,1.4400000000000002,1.4400000000000002,1.4400000000000002,1.4400000000000002,1.4400000000000002,1.4400000000000002,1.4400000000000002,1.4400000000000002,1.4400000000000002,1.4400000000000002,1.4400000000000002,1.4400000000000002,1.4400000000000002,1.4400000000000002
1.4400000000000002,1.4400000000000002,1.4400000000000002,1.4400000000000002,1.4400000000000002,1.4400000000000002,1.4400000000000002,1.4400000000000002,1.4400000000000002,1.4400000000000002,1.4400000000000002,1.4400000000000002,1.4400000000000002,1.4400000000000002,1.4400000000000002,1.4400000000000002,1.4400000000000002,1.4400000000000002,1.4400000000000002,1.4400000000000002,1.4400000000000002,1.4400000000000002,1.4400000000000002,1.4400000000000002,1.4400000000000002,1.4400000000000002,1.4400000000000002,1.4400000000000002,1.4400000000000002,1.4400000000000002,1.4400000000000002,1.4400000000000002,1.4400000000000002,1.4400000000000002,1.4400000000000002,1.4400000000000002,1.4400000000000002,1.4400000000000002,1.4400000000000002,1.4400000000000002,0.26666666666666666,1.4400000000000002,1.4400000000000002,1.4400000000000002,1.4400000000000002,1.4400000000000002,1.4400000000000002,1.4400000000000002,1.4400000000000002,1.4400000000000002,1.4400000000000002,1.4400000000000002,1.4400000000000002,1.4400000000000002,1.4400000000000002,1.4400000000000002,1.4400000000000002,1.4400000000000002,1.4400000000000002,1.4400000000000002,1.4400000000000002,1.4400000000000002,1.4400000000000002,1.4400000000000002,1.4400000000000002,1.4400000000000002,1.4400000000000002,1.4400000000000002,1.4400000000000002,1.4400000000000002,1.4400000000000002,1.4400000000000002,1.4400000000000002,1.4400000000000002,1.4400000000000002,1.4400000000000002,1.4400000000000002,1.4400000000000002,1.4400000000000002,1.4400000000000002,1.4400000000000002,1.4400000000000002,1.4400000000000002,1.4400000000000002,1.4400000000000002,1.4400000000000002,1.4400000000000002,1.4400000000000002,1.4400000000000002,1.4400000000000002,1.4400000000000002,1.4400000000000002,1.4400000000000002,1.4400000000000002,1.4400000000000002,1.4400000000000002,1.4400000000000002,1.4400000000000002,1.4400000000000002,1.4400000000000002
1.4400000000000002,1.4400000000000002,1.4400000000000002,1.4400000000000002,1.4400000000000002,1.4400000000000002,1.4400000000000002,1.4400000000000002,1.4400000000000002,1.4400000000000002,1.4400000000000002,1.4400000000000002,1.4400000000000002,1.4400000000000002,1.4400000000000002,1.4400000000000002,1.4400000000000002,1.4400000000000002,1.4400000000000002,1.4400000000000002,1.4400000000000002,1.4400000000000002,1.4400000000000002,1.4400000000000002,1.4400000000000002,1.4400000000000002,1.4400000000000002,1.4400000000000002,1.4400000000000002,1.4400000000000002,1.4400000000000002,1.4400000000000002,1.4400000000000002,1.4400000000000002,1.4400000000000002,1.4400000000000002,1.4400000000000002,1.4400000000000002,1.4400000000000002,1.4400000000000002,1.4400000000000002,1.4400000000000002,1.4400000000000002,1.4400000000000002,1.4400000000000002,1.4400000000000002,1.4400000000000002,1.4400000000000002,1.4400000000000002,1.4400000000000002,1.4400000000000002,1.4400000000000002,1.4400000000000002,1.4400000000000002,1.4400000000000002,1.4400000000000002,1.4400000000000002,1.4400000000000002,1.4400000000000002,1.4400000000000002,1.4400000000000002,1.4400000000000002,1.4400000000000002,1.4400000000000002,1.4400000000000002,1.4400000000000002,1.4400000000000002,1.4400000000000002,1.4400000000000002,1.4400000000000002,1.4400000000000002,1.4400000000000002,1.4400000000000002,1.4400000000000002,1.4400000000000002,1.4400000000000002,1.4400000000000002,1.4400000000000002,1.4400000000000002,1.4400000000000002,1.4400000000000002,1.4400000000000002,1.4400000000000002,1.4400000000000002,1.4400000000000002,1.4400000000000002,1.4400000000000002,1.4400000000000002,1.4400000000000002,1.4400000000000002,1.4400000000000002,1.4400000000000002,1.4400000000000002,1.4400000000000002,1.4400000000000002,1.4400000000000002,1.4400000000000002,1.4400000000000002,1.4400000000000002,1.4400000000000002
1.4400000000000002,1.4400000000000002,1.4400000000000002,1.4400000000000002,1.4400000000000002,1.4400000000000002,1.4400000000000002,1.4400000000000002,1.4400000000000002,1.4400000000000002,1.4400000000000002,1.4400000000000002,1.4400000000000002,1.4400000000000002,1.4400000000000002,1.4400000000000002,1.4400000000000002,1.4400000000000002,1.4400000000000002,1.4400000000000002,1.4400000000000002,1.4400000000000002,1.4400000000000002,1.4400000000000002,1.4400000000000002,1.4400000000000002,1.4400000000000002,1.4400000000000002,1.4400000000000002,1.4400000000000002,1.4400000000000002,1.4400000000000002,1.4400000000000002,1.4400000000000002,1.4400000000000002,1.4400000000000002,1.4400000000000002,1.4400000000000002,1.4400000000000002,1.4400000000000002,1.4400000000000002,1.4400000000000002,1.4400000000000002,1.4400000000000002,1.4400000000000002,1.4400000000000002,1.4400000000000002,1.4400000000000002,1.4400000000000002,1.4400000000000002,1.4400000000000002,1.4400000000000002,1.4400000000000002,1.4400000000000002,1.4400000000000002,1.4400000000000002,1.4400000000000002,1.4400000000000002,1.4400000000000002,1.4400000000000002,1.4400000000000002,1.4400000000000002,1.4400000000000002,1.4400000000000002,1.4400000000000002,1.4400000000000002,1.4400000000000002,1.4400000000000002,1.4400000000000002,1.4400000000000002,1.4400000000000002,1.4400000000000002,1.4400000000000002,1.4400000000000002,1.4400000000000002,1.4400000000000002,1.4400000000000002,1.4400000000000002,1.4400000000000002,1.4400000000000002,1.4400000000000002,1.4400000000000002,1.4400000000000002,1.4400000000000002,1.4400000000000002,1.4400000000000002,1.4400000000000002,1.4400000000000002,1.4400000000000002,1.4400000000000002,1.4400000000000002,1.4400000000000002,1.4400000000000002,1.4400000000000002,1.4400000000000002,1.4400000000000002,1.4400000000000002,1.4400000000000002,1.4400000000000002,1.4400000000000002
1.4400000000000002,1.4400000000000002,1.4400000000000002,1.4400000000000002,1.4400000000000002,1.4400000000000002,1.4400000000000002,1.4400000000000002,1.4400000000000002,1.4400000000000002,1.4400000000000002,1.4400000000000002,1.4400000000000002,1.4400000000000002,1.4400000000000002,1.4400000000000002,1.4400000000000002,1.4400000000000002,1.4400000000000002,1.4400000000000002,1.4400000000000002,1.4400000000000002,1.4400000000000002,1.4400000000000002,1.4400000000000002,1.4400000000000002,1.4400000000000002,1.4400000000000002,1.4400000000000002,1.4400000000000002,1.4400000000000002,1.4400000000000002,1.4400000000000002,1.4400000000000002,1.4400000000000002,1.4400000000000002,1.4400000000000002,1.4400000000000002,1.4400000000000002,1.4400000000000002,1.4400000000000002,1.4400000000000002,1.4400000000000002,1.4400000000000002,1.4400000000000002,1.4400000000000002,1.4400000000000002,1.4400000000000002,1.4400000000000002,1.4400000000000002,1.4400000000000002,1.4400000000000002,1.4400000000000002,1.4400000000000002,1.4400000000000002,1.4400000000000002,1.4400000000000002,1.4400000000000002,1.4400000000000002,1.4400000000000002,1.4400000000000002,1.4400000000000002,1.4400000000000002,1.4400000000000002,1.4400000000000002,1.4400000000000002,1.4400000000000002,1.4400000000000002,1.4400000000000002,1.4400000000000002,1.4400000000000002,1.4400000000000002,1.4400000000000002,1.4400000000000002,1.4400000000000002,1.4400000000000002,1.4400000000000002,1.4400000000000002,1.4400000000000002,1.4400000000000002,1.4400000000000002,1.4400000000000002,1.4400000000000002,1.4400000000000002,1.4400000000000002,1.4400000000000002,1.4400000000000002,1.4400000000000002,1.4400000000000002,1.4400000000000002,1.4400000000000002,1.4400000000000002,1.4400000000000002,1.4400000000000002,1.4400000000000002,1.4400000000000002,1.4400000000000002,1.4400000000000002,1.4400000000000002,1.4400000000000002
1.4400000000000002,1.4400000000000002,1.4400000000000002,1.4400000000000002,1.4400000000000002,1.4400000000000002,1.4400000000000002,1.4400000000000002,1.4400000000000002,1.4400000000000002,1.4400000000000002,1.4400000000000002,1.4400000000000002,1.4400000000000002,1.4400000000000002,1.4400000000000002,1.4400000000000002,1.4400000000000002,1.4400000000000002,1.4400000000000002,1.4400000000000002,1.4400000000000002,1.4400000000000002,1.4400000000000002,1.4400000000000002,1.4400000000000002,1.4400000000000002,1.4400000000000002,1.4400000000000002,1.4400000000000002,1.4400000000000002,1.4400000000000002,1.4400000000000002,1.4400000000000002,1.4400000000000002,1.4400000000000002,1.4400000000000002,1.4400000000000002,1.4400000000000002,1.4400000000000002,1.4400000000000002,1.4400000000000002,1.4400000000000002,1.4400000000000002,1.4400000000000002,1.4400000000000002,1.4400000000000002,1.4400000000000002,1.4400000000000002,1.4400000000000002,1.4400000000000002,1.4400000000000002,1.4400000000000002,1.4400000000000002,1.4400000000000002,1.4400000000000002,1.4400000000000002,1.4400000000000002,1.4400000000000002,1.4400000000000002,1.4400000000000002,1.4400000000000002,1.4400000000000002,1.4400000000000002,1.4400000000000002,1.4400000000000002,1.4400000000000002,1.4400000000000002,1.4400000000000002,1.4400000000000002,1.4400000000000002,1.4400000000000002,1.4400000000000002,1.4400000000000002,1.4400000000000002,1.4400000000000002,1.4400000000000002,1.4400000000000002,1.4400000000000002,1.4400000000000002,1.4400000000000002,1.4400000000000002,1.4400000000000002,1.4400000000000002,1.4400000000000002,1.4400000000000002,1.4400000000000002,1.4400000000000002,1.4400000000000002,1.4400000000000002,1.4400000000000002,1.4400000000000002,1.4400000000000002,1.4400000000000002,1.4400000000000002,1.4400000000000002,1.4400000000000002,1.4400000000000002,1.4400000000000002,1.4400000000000002
